drug,num_targets
CHEMBL1946170,15
CHEMBL535,11
CHEMBL3109738,9
CHEMBL477772,8
CHEMBL1201733,8
CHEMBL1336,7
CHEMBL1200694,7
CHEMBL2104986,7
CHEMBL24828,7
CHEMBL1257,7
CHEMBL440498,7
CHEMBL1200485,7
CHEMBL1256,7
CHEMBL403989,7
CHEMBL1200733,7
CHEMBL482968,7
CHEMBL1980391,7
CHEMBL931,7
CHEMBL1421,6
CHEMBL644,6
CHEMBL1200948,6
CHEMBL428690,6
CHEMBL6068614,6
CHEMBL220492,6
CHEMBL495727,6
CHEMBL4298138,6
CHEMBL4297101,6
CHEMBL1567,6
CHEMBL279785,6
CHEMBL1278146,6
CHEMBL574737,6
CHEMBL1230609,6
CHEMBL3545083,6
CHEMBL2109171,6
CHEMBL1652606,6
CHEMBL2107358,6
CHEMBL408194,6
CHEMBL52885,6
CHEMBL1944698,6
CHEMBL601719,6
CHEMBL603469,6
CHEMBL76222,6
CHEMBL266510,6
CHEMBL2109621,5
CHEMBL6069183,5
CHEMBL608533,5
CHEMBL272980,5
CHEMBL3301605,5
CHEMBL2107383,5
CHEMBL6067987,5
CHEMBL290352,5
CHEMBL522892,5
CHEMBL3989740,5
CHEMBL14762,5
CHEMBL288441,5
CHEMBL3112741,5
CHEMBL1200699,5
CHEMBL2111112,5
CHEMBL3984441,5
CHEMBL29919,5
CHEMBL278819,5
CHEMBL5314391,5
CHEMBL2364652,5
CHEMBL1433,5
CHEMBL576982,5
CHEMBL3707249,5
CHEMBL1364551,5
CHEMBL2108594,4
CHEMBL1789941,4
CHEMBL2108396,4
CHEMBL2364574,4
CHEMBL572881,4
CHEMBL4297163,4
CHEMBL1201023,4
CHEMBL3989914,4
CHEMBL1631540,4
CHEMBL900,4
CHEMBL4596972,4
CHEMBL2311030,4
CHEMBL623,4
CHEMBL1908397,4
CHEMBL3545196,4
CHEMBL184412,4
CHEMBL2364968,4
CHEMBL1200814,4
CHEMBL4594382,4
CHEMBL564829,4
CHEMBL2107339,4
CHEMBL19,4
CHEMBL3899477,4
CHEMBL3349607,4
CHEMBL587723,4
CHEMBL1767408,4
CHEMBL1366933,4
CHEMBL3545396,4
CHEMBL221326,4
CHEMBL941,4
CHEMBL19449,4
CHEMBL2035187,4
CHEMBL4298167,4
CHEMBL1201729,4
CHEMBL3545427,4
CHEMBL2103851,4
CHEMBL17,4
CHEMBL5095049,4
CHEMBL2103840,4
CHEMBL41194,4
CHEMBL2107771,4
CHEMBL1721885,4
CHEMBL5314382,4
CHEMBL2079588,4
CHEMBL5314380,4
CHEMBL98,4
CHEMBL4303201,4
CHEMBL1200395,4
CHEMBL295698,4
CHEMBL3622533,4
CHEMBL4297549,4
CHEMBL3622821,4
CHEMBL101253,4
CHEMBL2146110,4
CHEMBL4116008,4
CHEMBL20,4
CHEMBL1642,4
CHEMBL3545381,4
CHEMBL5315119,4
CHEMBL3301607,4
CHEMBL3545365,4
CHEMBL49120,4
CHEMBL220808,4
CHEMBL908,4
CHEMBL1980297,4
CHEMBL2108313,4
CHEMBL223360,4
CHEMBL1200492,4
CHEMBL4545915,4
CHEMBL4297717,4
CHEMBL3989973,3
CHEMBL1645462,3
CHEMBL43048,3
CHEMBL1738797,3
CHEMBL1742428,3
CHEMBL1200521,3
CHEMBL1200434,3
CHEMBL3989680,3
CHEMBL4559134,3
CHEMBL704,3
CHEMBL6068336,3
CHEMBL3545155,3
CHEMBL3989694,3
CHEMBL6068329,3
CHEMBL2408045,3
CHEMBL3989962,3
CHEMBL631,3
CHEMBL274654,3
CHEMBL1614701,3
CHEMBL3989921,3
CHEMBL3989933,3
CHEMBL1689,3
CHEMBL3989911,3
CHEMBL2108583,3
CHEMBL654,3
CHEMBL3989869,3
CHEMBL254328,3
CHEMBL3545085,3
CHEMBL612,3
CHEMBL443684,3
CHEMBL166863,3
CHEMBL3989844,3
CHEMBL27810,3
CHEMBL3989833,3
CHEMBL1200578,3
CHEMBL4582651,3
CHEMBL4594404,3
CHEMBL1700,3
CHEMBL621,3
CHEMBL3990047,3
CHEMBL5315053,3
CHEMBL501122,3
CHEMBL5315055,3
CHEMBL1201178,3
CHEMBL3545402,3
CHEMBL221692,3
CHEMBL1201155,3
CHEMBL494089,3
CHEMBL3707320,3
CHEMBL491473,3
CHEMBL3544983,3
CHEMBL4871106,3
CHEMBL2219425,3
CHEMBL3707446,3
CHEMBL1236524,3
CHEMBL2220486,3
CHEMBL2109500,3
CHEMBL2109498,3
CHEMBL479,3
CHEMBL1201063,3
CHEMBL1201060,3
CHEMBL1208646,3
CHEMBL2146146,3
CHEMBL3644587,3
CHEMBL1201346,3
CHEMBL1201335,3
CHEMBL3646118,3
CHEMBL1201328,3
CHEMBL3646221,3
CHEMBL519846,3
CHEMBL1201528,3
CHEMBL517712,3
CHEMBL502835,3
CHEMBL2111051,3
CHEMBL3678958,3
CHEMBL2110732,3
CHEMBL3686884,3
CHEMBL5095485,3
CHEMBL2110670,3
CHEMBL3577124,3
CHEMBL5095025,3
CHEMBL1201222,3
CHEMBL3545420,3
CHEMBL3659497,3
CHEMBL1359,3
CHEMBL4650333,3
CHEMBL573352,3
CHEMBL13608,3
CHEMBL1370561,3
CHEMBL1375743,3
CHEMBL4650297,3
CHEMBL1200875,3
CHEMBL3948730,3
CHEMBL139835,3
CHEMBL545315,3
CHEMBL1200798,3
CHEMBL598797,3
CHEMBL1200782,3
CHEMBL3545169,3
CHEMBL1493,3
CHEMBL1200760,3
CHEMBL1505,3
CHEMBL3545165,3
CHEMBL1510,3
CHEMBL2403108,3
CHEMBL4650277,3
CHEMBL1240,3
CHEMBL225072,3
CHEMBL124660,3
CHEMBL471,3
CHEMBL3813873,3
CHEMBL1257040,3
CHEMBL1201013,3
CHEMBL1201003,3
CHEMBL12713,3
CHEMBL3833353,3
CHEMBL1355736,3
CHEMBL1289494,3
CHEMBL3545283,3
CHEMBL384304,3
CHEMBL1334033,3
CHEMBL1200940,3
CHEMBL1200938,3
CHEMBL3907479,3
CHEMBL4650342,3
CHEMBL2358147,3
CHEMBL2360464,3
CHEMBL1200916,3
CHEMBL3545300,3
CHEMBL86,3
CHEMBL85,3
CHEMBL3349523,3
CHEMBL1614713,3
CHEMBL1113,3
CHEMBL2105749,3
CHEMBL112,3
CHEMBL2105756,3
CHEMBL3358920,3
CHEMBL2105760,3
CHEMBL831,3
CHEMBL4279047,3
CHEMBL180022,3
CHEMBL426084,3
CHEMBL2107546,3
CHEMBL178803,3
CHEMBL2106217,3
CHEMBL304902,3
CHEMBL422,3
CHEMBL1762621,3
CHEMBL4297995,3
CHEMBL1173655,3
CHEMBL1180725,3
CHEMBL770,3
CHEMBL3039518,3
CHEMBL75880,3
CHEMBL2107387,3
CHEMBL2107455,3
CHEMBL3039504,3
CHEMBL425,3
CHEMBL4297522,3
CHEMBL2103758,3
CHEMBL2095222,3
CHEMBL982,3
CHEMBL321582,3
CHEMBL2103829,3
CHEMBL31965,3
CHEMBL3188993,3
CHEMBL2103833,3
CHEMBL4297590,3
CHEMBL1065,3
CHEMBL2103875,3
CHEMBL2035185,3
CHEMBL2029988,3
CHEMBL2105721,3
CHEMBL2012520,3
CHEMBL1983268,3
CHEMBL316040,3
CHEMBL4297300,3
CHEMBL2104991,3
CHEMBL2104993,3
CHEMBL1950289,3
CHEMBL2105659,3
CHEMBL897,3
CHEMBL3306803,3
CHEMBL1908391,3
CHEMBL2105712,3
CHEMBL190,3
CHEMBL87493,3
CHEMBL2105719,3
CHEMBL1078178,3
CHEMBL715,3
CHEMBL716,3
CHEMBL708,3
CHEMBL3544971,3
CHEMBL1112,3
CHEMBL1743022,3
CHEMBL296468,3
CHEMBL1237021,2
CHEMBL377300,2
CHEMBL4298198,2
CHEMBL4802159,2
CHEMBL4802157,2
CHEMBL4802152,2
CHEMBL1951575,2
CHEMBL2105233,2
CHEMBL2105345,2
CHEMBL478858,2
CHEMBL4297736,2
CHEMBL1236962,2
CHEMBL1947204,2
CHEMBL4297750,2
CHEMBL375611,2
CHEMBL2105635,2
CHEMBL2105637,2
CHEMBL4751394,2
CHEMBL3764045,2
CHEMBL4740383,2
CHEMBL124363,2
CHEMBL2105638,2
CHEMBL376897,2
CHEMBL2108029,2
CHEMBL1742986,2
CHEMBL2010872,2
CHEMBL2109586,2
CHEMBL2104464,2
CHEMBL489,2
CHEMBL2005186,2
CHEMBL2109575,2
CHEMBL2109574,2
CHEMBL488,2
CHEMBL4297333,2
CHEMBL1213456,2
CHEMBL4297774,2
CHEMBL483,2
CHEMBL4303187,2
CHEMBL482967,2
CHEMBL3707395,2
CHEMBL2104954,2
CHEMBL3707400,2
CHEMBL2104967,2
CHEMBL1234354,2
CHEMBL4297700,2
CHEMBL1742982,2
CHEMBL1236682,2
CHEMBL1742471,2
CHEMBL4802165,2
CHEMBL2109556,2
CHEMBL2109391,2
CHEMBL2109389,2
CHEMBL1278,2
CHEMBL43064,2
CHEMBL1279,2
CHEMBL128,2
CHEMBL1908370,2
CHEMBL1286,2
CHEMBL4650437,2
CHEMBL1287853,2
CHEMBL4297190,2
CHEMBL1290,2
CHEMBL2016893,2
CHEMBL190333,2
CHEMBL4650424,2
CHEMBL2109372,2
CHEMBL1734,2
CHEMBL129857,2
CHEMBL431651,2
CHEMBL2109367,2
CHEMBL38700,2
CHEMBL4650393,2
CHEMBL3894860,2
CHEMBL2109355,2
CHEMBL189963,2
CHEMBL4297839,2
CHEMBL1291,2
CHEMBL1254682,2
CHEMBL2107890,2
CHEMBL4297777,2
CHEMBL1922094,2
CHEMBL1256815,2
CHEMBL4298197,2
CHEMBL1256818,2
CHEMBL4650989,2
CHEMBL4297788,2
CHEMBL1257015,2
CHEMBL4297789,2
CHEMBL4650827,2
CHEMBL1276308,2
CHEMBL1257096,2
CHEMBL383322,2
CHEMBL1258517,2
CHEMBL3833306,2
CHEMBL4297216,2
CHEMBL4297804,2
CHEMBL2109434,2
CHEMBL4650483,2
CHEMBL127071,2
CHEMBL4297809,2
CHEMBL3833344,2
CHEMBL1272307,2
CHEMBL127516,2
CHEMBL191413,2
CHEMBL1742995,2
CHEMBL1201550,2
CHEMBL1201554,2
CHEMBL4297576,2
CHEMBL2103832,2
CHEMBL515564,2
CHEMBL515408,2
CHEMBL1742994,2
CHEMBL2110954,2
CHEMBL4301162,2
CHEMBL511142,2
CHEMBL4297483,2
CHEMBL1204165,2
CHEMBL2068724,2
CHEMBL4297584,2
CHEMBL2110730,2
CHEMBL2110727,2
CHEMBL206834,2
CHEMBL5095312,2
CHEMBL1201584,2
CHEMBL5095292,2
CHEMBL206815,2
CHEMBL3697617,2
CHEMBL5095273,2
CHEMBL2110581,2
CHEMBL1201607,2
CHEMBL4297477,2
CHEMBL1742998,2
CHEMBL4297521,2
CHEMBL1742997,2
CHEMBL1201461,2
CHEMBL52440,2
CHEMBL524004,2
CHEMBL2143592,2
CHEMBL4297530,2
CHEMBL2103738,2
CHEMBL2103797,2
CHEMBL4297555,2
CHEMBL3644672,2
CHEMBL2138684,2
CHEMBL4297573,2
CHEMBL2138625,2
CHEMBL430,2
CHEMBL2103824,2
CHEMBL2103825,2
CHEMBL2135460,2
CHEMBL2093999,2
CHEMBL1743000,2
CHEMBL519504,2
CHEMBL3647420,2
CHEMBL429876,2
CHEMBL4297572,2
CHEMBL517231,2
CHEMBL1201535,2
CHEMBL521606,2
CHEMBL4298209,2
CHEMBL4297625,2
CHEMBL1201760,2
CHEMBL1201761,2
CHEMBL1201764,2
CHEMBL4297404,2
CHEMBL1201765,2
CHEMBL4085457,2
CHEMBL501,2
CHEMBL500,2
CHEMBL4297630,2
CHEMBL4297631,2
CHEMBL1742992,2
CHEMBL499,2
CHEMBL1201776,2
CHEMBL4297635,2
CHEMBL1201777,2
CHEMBL2028019,2
CHEMBL1201823,2
CHEMBL4297639,2
CHEMBL2024517,2
CHEMBL495,2
CHEMBL2107846,2
CHEMBL1201835,2
CHEMBL4297352,2
CHEMBL1202,2
CHEMBL4297633,2
CHEMBL5095033,2
CHEMBL1201619,2
CHEMBL5095032,2
CHEMBL5095029,2
CHEMBL5095026,2
CHEMBL2103842,2
CHEMBL2109662,2
CHEMBL2062276,2
CHEMBL509,2
CHEMBL507361,2
CHEMBL4297456,2
CHEMBL3707247,2
CHEMBL2062163,2
CHEMBL1742988,2
CHEMBL1201728,2
CHEMBL2103864,2
CHEMBL1201731,2
CHEMBL2103868,2
CHEMBL1201735,2
CHEMBL1201740,2
CHEMBL2109635,2
CHEMBL2109633,2
CHEMBL2103869,2
CHEMBL3707266,2
CHEMBL1742990,2
CHEMBL2109629,2
CHEMBL3707277,2
CHEMBL2051955,2
CHEMBL4297987,2
CHEMBL4594378,2
CHEMBL421,2
CHEMBL2108672,2
CHEMBL3989845,2
CHEMBL1578,2
CHEMBL2106841,2
CHEMBL3989861,2
CHEMBL2108664,2
CHEMBL2108655,2
CHEMBL1698,2
CHEMBL2108184,2
CHEMBL189475,2
CHEMBL4130229,2
CHEMBL4594275,2
CHEMBL2108581,2
CHEMBL4208229,2
CHEMBL1755,2
CHEMBL2108568,2
CHEMBL4594254,2
CHEMBL1754,2
CHEMBL2107313,2
CHEMBL3989922,2
CHEMBL175247,2
CHEMBL1614710,2
CHEMBL363449,2
CHEMBL4594287,2
CHEMBL1743037,2
CHEMBL4594505,2
CHEMBL4594503,2
CHEMBL4297960,2
CHEMBL2106468,2
CHEMBL3989703,2
CHEMBL4594472,2
CHEMBL1535,2
CHEMBL3991932,2
CHEMBL210651,2
CHEMBL1538,2
CHEMBL4216467,2
CHEMBL2106798,2
CHEMBL4594455,2
CHEMBL3989794,2
CHEMBL4594444,2
CHEMBL3989805,2
CHEMBL4594419,2
CHEMBL4213970,2
CHEMBL1561,2
CHEMBL1562610,2
CHEMBL1768,2
CHEMBL4594402,2
CHEMBL1767164,2
CHEMBL3989824,2
CHEMBL1569,2
CHEMBL4594456,2
CHEMBL4298084,2
CHEMBL1690,2
CHEMBL1643,2
CHEMBL445,2
CHEMBL2107457,2
CHEMBL4298090,2
CHEMBL16476,2
CHEMBL2108358,2
CHEMBL4298092,2
CHEMBL4298134,2
CHEMBL1652621,2
CHEMBL3989990,2
CHEMBL4298139,2
CHEMBL168815,2
CHEMBL4298097,2
CHEMBL1670,2
CHEMBL1671,2
CHEMBL448343,2
CHEMBL4298098,2
CHEMBL4298101,2
CHEMBL1743052,2
CHEMBL3990032,2
CHEMBL3990038,2
CHEMBL2107762,2
CHEMBL2107774,2
CHEMBL1685,2
CHEMBL3990000,2
CHEMBL1614725,2
CHEMBL1614766,2
CHEMBL1615025,2
CHEMBL1615372,2
CHEMBL1752,2
CHEMBL1615374,2
CHEMBL1615439,2
CHEMBL1750,2
CHEMBL4204794,2
CHEMBL1693,2
CHEMBL1621,2
CHEMBL42,2
CHEMBL4298023,2
CHEMBL1692,2
CHEMBL2108427,2
CHEMBL1626570,2
CHEMBL1628227,2
CHEMBL419667,2
CHEMBL3989949,2
CHEMBL163,2
CHEMBL1743082,2
CHEMBL456237,2
CHEMBL4298045,2
CHEMBL1743043,2
CHEMBL2107360,2
CHEMBL4298055,2
CHEMBL1637,2
CHEMBL4298024,2
CHEMBL1722,2
CHEMBL1382,2
CHEMBL4650298,2
CHEMBL3942498,2
CHEMBL2107832,2
CHEMBL3945199,2
CHEMBL4650293,2
CHEMBL2105741,2
CHEMBL3951811,2
CHEMBL4297865,2
CHEMBL2109288,2
CHEMBL2109286,2
CHEMBL422648,2
CHEMBL1404,2
CHEMBL141,2
CHEMBL4297866,2
CHEMBL2109282,2
CHEMBL4650279,2
CHEMBL2109281,2
CHEMBL405,2
CHEMBL2109279,2
CHEMBL2109271,2
CHEMBL404271,2
CHEMBL1423,2
CHEMBL4650272,2
CHEMBL2109266,2
CHEMBL1401,2
CHEMBL2109351,2
CHEMBL1341,2
CHEMBL2105717,2
CHEMBL4297841,2
CHEMBL434394,2
CHEMBL4297181,2
CHEMBL1346,2
CHEMBL4297844,2
CHEMBL4650340,2
CHEMBL4650337,2
CHEMBL1888176,2
CHEMBL4065616,2
CHEMBL4297863,2
CHEMBL2105728,2
CHEMBL1724,2
CHEMBL1879463,2
CHEMBL4297147,2
CHEMBL4297850,2
CHEMBL2105732,2
CHEMBL4650329,2
CHEMBL186179,2
CHEMBL1722209,2
CHEMBL4297859,2
CHEMBL2105738,2
CHEMBL3916700,2
CHEMBL4297064,2
CHEMBL1354199,2
CHEMBL1482,2
CHEMBL4594602,2
CHEMBL1489,2
CHEMBL4594578,2
CHEMBL4594573,2
CHEMBL442,2
CHEMBL1492500,2
CHEMBL1795071,2
CHEMBL14935,2
CHEMBL1495,2
CHEMBL4297923,2
CHEMBL4297928,2
CHEMBL1428,2
CHEMBL4297935,2
CHEMBL4297938,2
CHEMBL1743032,2
CHEMBL4297939,2
CHEMBL1783282,2
CHEMBL2108872,2
CHEMBL1518,2
CHEMBL2108790,2
CHEMBL4594518,2
CHEMBL1783256,2
CHEMBL2108785,2
CHEMBL4594515,2
CHEMBL2107811,2
CHEMBL1509,2
CHEMBL1431,2
CHEMBL4289017,2
CHEMBL2109264,2
CHEMBL1713,2
CHEMBL4650245,2
CHEMBL14376,2
CHEMBL181954,2
CHEMBL4650216,2
CHEMBL1442422,2
CHEMBL2105759,2
CHEMBL1447,2
CHEMBL2109224,2
CHEMBL4112930,2
CHEMBL2109065,2
CHEMBL1743028,2
CHEMBL460,2
CHEMBL181,2
CHEMBL439849,2
CHEMBL3989504,2
CHEMBL4297892,2
CHEMBL4594611,2
CHEMBL1743031,2
CHEMBL426161,2
CHEMBL1703,2
CHEMBL3989519,2
CHEMBL1479,2
CHEMBL1480,2
CHEMBL428,2
CHEMBL1200891,2
CHEMBL575448,2
CHEMBL574738,2
CHEMBL3545243,2
CHEMBL1200906,2
CHEMBL3545247,2
CHEMBL2361370,2
CHEMBL3545248,2
CHEMBL3545257,2
CHEMBL3545259,2
CHEMBL1200935,2
CHEMBL904,2
CHEMBL81,2
CHEMBL3545263,2
CHEMBL1200947,2
CHEMBL1200950,2
CHEMBL3545270,2
CHEMBL3408248,2
CHEMBL3084748,2
CHEMBL2348780,2
CHEMBL33986,2
CHEMBL3393066,2
CHEMBL31,2
CHEMBL1200964,2
CHEMBL3545262,2
CHEMBL3545204,2
CHEMBL3544911,2
CHEMBL3544910,2
CHEMBL592445,2
CHEMBL592054,2
CHEMBL1200826,2
CHEMBL1186610,2
CHEMBL1185,2
CHEMBL768,2
CHEMBL771,2
CHEMBL3039525,2
CHEMBL2364605,2
CHEMBL1200843,2
CHEMBL350775,2
CHEMBL1175,2
CHEMBL583,2
CHEMBL3545236,2
CHEMBL1200870,2
CHEMBL58061,2
CHEMBL3545238,2
CHEMBL1200880,2
CHEMBL796,2
CHEMBL2364607,2
CHEMBL8,2
CHEMBL3544906,2
CHEMBL1096882,2
CHEMBL3137318,2
CHEMBL3137320,2
CHEMBL1201027,2
CHEMBL1201032,2
CHEMBL3137331,2
CHEMBL3317856,2
CHEMBL550,2
CHEMBL3137345,2
CHEMBL888,2
CHEMBL1201047,2
CHEMBL826,2
CHEMBL546,2
CHEMBL894,2
CHEMBL1201052,2
CHEMBL1091644,2
CHEMBL1201066,2
CHEMBL1090479,2
CHEMBL54,2
CHEMBL9,2
CHEMBL539770,2
CHEMBL539423,2
CHEMBL3545366,2
CHEMBL3545367,2
CHEMBL1094636,2
CHEMBL827,2
CHEMBL564,2
CHEMBL1133,2
CHEMBL3545295,2
CHEMBL2336050,2
CHEMBL338604,2
CHEMBL2326966,2
CHEMBL23261,2
CHEMBL1123,2
CHEMBL2323775,2
CHEMBL1118,2
CHEMBL230011,2
CHEMBL3545311,2
CHEMBL559180,2
CHEMBL558752,2
CHEMBL84158,2
CHEMBL1201,2
CHEMBL1108,2
CHEMBL850,2
CHEMBL856,2
CHEMBL554,2
CHEMBL3545323,2
CHEMBL11,2
CHEMBL1097999,2
CHEMBL1200986,2
CHEMBL669,2
CHEMBL61006,2
CHEMBL60889,2
CHEMBL3545092,2
CHEMBL3545096,2
CHEMBL1200601,2
CHEMBL281398,2
CHEMBL259209,2
CHEMBL1200612,2
CHEMBL281764,2
CHEMBL3545027,2
CHEMBL3544923,2
CHEMBL1231,2
CHEMBL1200426,2
CHEMBL1200621,2
CHEMBL3545110,2
CHEMBL1200419,2
CHEMBL1200418,2
CHEMBL282686,2
CHEMBL256087,2
CHEMBL255863,2
CHEMBL1200636,2
CHEMBL3545006,2
CHEMBL3545125,2
CHEMBL3545104,2
CHEMBL27193,2
CHEMBL1200498,2
CHEMBL270995,2
CHEMBL27,2
CHEMBL1200483,2
CHEMBL637,2
CHEMBL1200479,2
CHEMBL3545068,2
CHEMBL276711,2
CHEMBL3545050,2
CHEMBL267648,2
CHEMBL668,2
CHEMBL629,2
CHEMBL628,2
CHEMBL277535,2
CHEMBL3545042,2
CHEMBL1200469,2
CHEMBL1200543,2
CHEMBL3545040,2
CHEMBL660,2
CHEMBL620,2
CHEMBL61872,2
CHEMBL61780,2
CHEMBL614,2
CHEMBL267044,2
CHEMBL296522,2
CHEMBL6067986,2
CHEMBL240163,2
CHEMBL29741,2
CHEMBL723,2
CHEMBL1200332,2
CHEMBL2397751,2
CHEMBL3544964,2
CHEMBL2397415,2
CHEMBL1200771,2
CHEMBL1200330,2
CHEMBL253371,2
CHEMBL3544960,2
CHEMBL3545176,2
CHEMBL299400,2
CHEMBL1200779,2
CHEMBL1197051,2
CHEMBL3544936,2
CHEMBL3039502,2
CHEMBL3039507,2
CHEMBL1194666,2
CHEMBL1200803,2
CHEMBL2368861,2
CHEMBL3545200,2
CHEMBL1200328,2
CHEMBL6068379,2
CHEMBL3545132,2
CHEMBL3545134,2
CHEMBL25202,2
CHEMBL28527,2
CHEMBL3545145,2
CHEMBL1200393,2
CHEMBL1200387,2
CHEMBL245019,2
CHEMBL1200377,2
CHEMBL3544978,2
CHEMBL3545163,2
CHEMBL1200695,2
CHEMBL2448612,2
CHEMBL24441,2
CHEMBL3544974,2
CHEMBL243712,2
CHEMBL6068332,2
CHEMBL24072,2
CHEMBL3545159,2
CHEMBL71,2
CHEMBL1200735,2
CHEMBL1200745,2
CHEMBL1200347,2
CHEMBL6068341,2
CHEMBL3301593,2
CHEMBL3183740,2
CHEMBL3301589,2
CHEMBL3301588,2
CHEMBL1201197,2
CHEMBL3301585,2
CHEMBL3185133,2
CHEMBL3185463,2
CHEMBL5314782,2
CHEMBL5315324,2
CHEMBL1201208,2
CHEMBL5314649,2
CHEMBL3301582,2
CHEMBL3545985,2
CHEMBL5314408,2
CHEMBL5314407,2
CHEMBL1201232,2
CHEMBL5314406,2
CHEMBL105442,2
CHEMBL5314776,2
CHEMBL5315125,2
CHEMBL1201129,2
CHEMBL5315124,2
CHEMBL3301610,2
CHEMBL2218917,2
CHEMBL926,2
CHEMBL928,2
CHEMBL1201150,2
CHEMBL3301603,2
CHEMBL3183451,2
CHEMBL3182621,2
CHEMBL1201156,2
CHEMBL3545401,2
CHEMBL1201167,2
CHEMBL1201170,2
CHEMBL1201177,2
CHEMBL1201179,2
CHEMBL1201184,2
CHEMBL1201185,2
CHEMBL932,2
CHEMBL3218576,2
CHEMBL3218578,2
CHEMBL21536,2
CHEMBL3264610,2
CHEMBL1201325,2
CHEMBL215303,2
CHEMBL361812,2
CHEMBL2151439,2
CHEMBL1201340,2
CHEMBL3187365,2
CHEMBL1201347,2
CHEMBL3264002,2
CHEMBL362558,2
CHEMBL1201354,2
CHEMBL2146883,2
CHEMBL1201356,2
CHEMBL5283463,2
CHEMBL363295,2
CHEMBL272621,2
CHEMBL1201342,2
CHEMBL1201237,2
CHEMBL218166,2
CHEMBL2180604,2
CHEMBL1046,2
CHEMBL3187723,2
CHEMBL3187812,2
CHEMBL33,2
CHEMBL5314394,2
CHEMBL3586573,2
CHEMBL1201293,2
CHEMBL3590106,2
CHEMBL217092,2
CHEMBL99946,2
CHEMBL3286830,2
CHEMBL5314384,2
CHEMBL976,2
CHEMBL32,2
CHEMBL1201286,2
CHEMBL216981,2
CHEMBL1201288,2
CHEMBL329123,2
CHEMBL3545372,2
CHEMBL313972,2
CHEMBL91397,2
CHEMBL1086,2
CHEMBL10878,2
CHEMBL1088,2
CHEMBL5316167,2
CHEMBL1088752,2
CHEMBL3142541,2
CHEMBL3545371,2
CHEMBL3301622,2
CHEMBL1201115,2
CHEMBL905,2
CHEMBL108821,2
CHEMBL1201108,2
CHEMBL1089636,2
CHEMBL325109,2
CHEMBL408,1
CHEMBL4297220,1
CHEMBL3287379,1
CHEMBL4297218,1
CHEMBL4080062,1
CHEMBL4081711,1
CHEMBL3545004,1
CHEMBL3544966,1
CHEMBL4297492,1
CHEMBL408403,1
CHEMBL3544998,1
CHEMBL4084119,1
CHEMBL3287735,1
CHEMBL3544994,1
CHEMBL4112929,1
CHEMBL3544992,1
CHEMBL408513,1
CHEMBL3544991,1
CHEMBL3545000,1
CHEMBL3304244,1
CHEMBL407,1
CHEMBL3545013,1
CHEMBL4071161,1
CHEMBL4297289,1
CHEMBL3545011,1
CHEMBL4297228,1
CHEMBL4071864,1
CHEMBL4072756,1
CHEMBL4297501,1
CHEMBL4079239,1
CHEMBL4073443,1
CHEMBL3304485,1
CHEMBL3545010,1
CHEMBL4297223,1
CHEMBL4076467,1
CHEMBL4297287,1
CHEMBL4297497,1
CHEMBL4297455,1
CHEMBL3287218,1
CHEMBL4078588,1
CHEMBL4072833,1
CHEMBL3544975,1
CHEMBL409,1
CHEMBL4091374,1
CHEMBL3301625,1
CHEMBL4091801,1
CHEMBL4094894,1
CHEMBL41,1
CHEMBL3301576,1
CHEMBL4297211,1
CHEMBL4297480,1
CHEMBL4101487,1
CHEMBL4297214,1
CHEMBL4297460,1
CHEMBL4297270,1
CHEMBL4297458,1
CHEMBL3544973,1
CHEMBL4297213,1
CHEMBL4101807,1
CHEMBL410414,1
CHEMBL4105584,1
CHEMBL4297457,1
CHEMBL3301626,1
CHEMBL3544989,1
CHEMBL3544988,1
CHEMBL4110551,1
CHEMBL4088896,1
CHEMBL3305901,1
CHEMBL3544986,1
CHEMBL3301578,1
CHEMBL4297268,1
CHEMBL3544985,1
CHEMBL4297462,1
CHEMBL411,1
CHEMBL3544968,1
CHEMBL4105630,1
CHEMBL3291398,1
CHEMBL4297215,1
CHEMBL3301577,1
CHEMBL3544977,1
CHEMBL3301574,1
CHEMBL4089083,1
CHEMBL3305985,1
CHEMBL3544984,1
CHEMBL4297257,1
CHEMBL4297520,1
CHEMBL3990042,1
CHEMBL4297246,1
CHEMBL3545046,1
CHEMBL4297519,1
CHEMBL3990044,1
CHEMBL3545043,1
CHEMBL3990145,1
CHEMBL3990694,1
CHEMBL4113131,1
CHEMBL3261331,1
CHEMBL4297517,1
CHEMBL4297258,1
CHEMBL3301672,1
CHEMBL4297513,1
CHEMBL4297245,1
CHEMBL3991927,1
CHEMBL399510,1
CHEMBL4297260,1
CHEMBL3545039,1
CHEMBL3545038,1
CHEMBL3991065,1
CHEMBL3301668,1
CHEMBL3990004,1
CHEMBL3990010,1
CHEMBL3990011,1
CHEMBL4297256,1
CHEMBL3990012,1
CHEMBL3990014,1
CHEMBL3990016,1
CHEMBL3990025,1
CHEMBL3990028,1
CHEMBL3990041,1
CHEMBL3990031,1
CHEMBL3545059,1
CHEMBL3260505,1
CHEMBL3990033,1
CHEMBL3990034,1
CHEMBL3545058,1
CHEMBL3260567,1
CHEMBL3545057,1
CHEMBL3990039,1
CHEMBL3545054,1
CHEMBL4297255,1
CHEMBL3990029,1
CHEMBL405130,1
CHEMBL405821,1
CHEMBL406,1
CHEMBL406050,1
CHEMBL4297236,1
CHEMBL4297504,1
CHEMBL3545029,1
CHEMBL4297503,1
CHEMBL3301675,1
CHEMBL4297502,1
CHEMBL3301627,1
CHEMBL4065122,1
CHEMBL3286580,1
CHEMBL4297235,1
CHEMBL4297232,1
CHEMBL3545020,1
CHEMBL3545017,1
CHEMBL4066936,1
CHEMBL4068611,1
CHEMBL4069597,1
CHEMBL4069704,1
CHEMBL4297229,1
CHEMBL406381,1
CHEMBL4297244,1
CHEMBL4,1
CHEMBL400599,1
CHEMBL3545036,1
CHEMBL4297240,1
CHEMBL3545035,1
CHEMBL402548,1
CHEMBL403,1
CHEMBL4297511,1
CHEMBL4297509,1
CHEMBL404,1
CHEMBL328560,1
CHEMBL3545031,1
CHEMBL4297508,1
CHEMBL404108,1
CHEMBL3545030,1
CHEMBL32800,1
CHEMBL404520,1
CHEMBL404849,1
CHEMBL4297507,1
CHEMBL4297505,1
CHEMBL328190,1
CHEMBL405110,1
CHEMBL3265032,1
CHEMBL3417258,1
CHEMBL3414621,1
CHEMBL34124,1
CHEMBL4228124,1
CHEMBL3334624,1
CHEMBL4297354,1
CHEMBL3301600,1
CHEMBL422872,1
CHEMBL423,1
CHEMBL3410450,1
CHEMBL411907,1
CHEMBL4297345,1
CHEMBL3334824,1
CHEMBL340978,1
CHEMBL3301601,1
CHEMBL424133,1
CHEMBL3408947,1
CHEMBL4297344,1
CHEMBL4297296,1
CHEMBL3407547,1
CHEMBL3402762,1
CHEMBL3301604,1
CHEMBL4297348,1
CHEMBL346631,1
CHEMBL333325,1
CHEMBL345524,1
CHEMBL345237,1
CHEMBL344159,1
CHEMBL4297383,1
CHEMBL4297294,1
CHEMBL4210847,1
CHEMBL343448,1
CHEMBL3426621,1
CHEMBL4297356,1
CHEMBL3334567,1
CHEMBL34259,1
CHEMBL3301595,1
CHEMBL3421729,1
CHEMBL3301598,1
CHEMBL4297378,1
CHEMBL4217292,1
CHEMBL4297370,1
CHEMBL4297363,1
CHEMBL429736,1
CHEMBL341812,1
CHEMBL3301594,1
CHEMBL4297320,1
CHEMBL3359265,1
CHEMBL4297315,1
CHEMBL4297091,1
CHEMBL3353541,1
CHEMBL3353410,1
CHEMBL429,1
CHEMBL3348846,1
CHEMBL4291143,1
CHEMBL4297302,1
CHEMBL42442,1
CHEMBL429317,1
CHEMBL4296719,1
CHEMBL4297065,1
CHEMBL3351077,1
CHEMBL334966,1
CHEMBL3301618,1
CHEMBL4297312,1
CHEMBL4297311,1
CHEMBL3349001,1
CHEMBL3348963,1
CHEMBL3348923,1
CHEMBL3301612,1
CHEMBL3402567,1
CHEMBL339427,1
CHEMBL3301606,1
CHEMBL4250860,1
CHEMBL4297329,1
CHEMBL4297328,1
CHEMBL4297326,1
CHEMBL3337527,1
CHEMBL426559,1
CHEMBL427216,1
CHEMBL3301611,1
CHEMBL3391662,1
CHEMBL3341965,1
CHEMBL4279455,1
CHEMBL3301609,1
CHEMBL338975,1
CHEMBL3301621,1
CHEMBL4297322,1
CHEMBL4285417,1
CHEMBL3360975,1
CHEMBL3360203,1
CHEMBL428647,1
CHEMBL4297323,1
CHEMBL413376,1
CHEMBL3544947,1
CHEMBL3544945,1
CHEMBL41355,1
CHEMBL3544944,1
CHEMBL3544941,1
CHEMBL414157,1
CHEMBL4297185,1
CHEMBL414357,1
CHEMBL415,1
CHEMBL348475,1
CHEMBL415606,1
CHEMBL3544937,1
CHEMBL4297431,1
CHEMBL4297184,1
CHEMBL416146,1
CHEMBL3544932,1
CHEMBL3301583,1
CHEMBL4297427,1
CHEMBL41632,1
CHEMBL4163691,1
CHEMBL4297423,1
CHEMBL415049,1
CHEMBL4116649,1
CHEMBL4117187,1
CHEMBL3306918,1
CHEMBL4297452,1
CHEMBL4297447,1
CHEMBL4297188,1
CHEMBL3301580,1
CHEMBL4297442,1
CHEMBL3544963,1
CHEMBL412262,1
CHEMBL3544949,1
CHEMBL4297187,1
CHEMBL4129286,1
CHEMBL4297441,1
CHEMBL413,1
CHEMBL4297440,1
CHEMBL3544958,1
CHEMBL3544954,1
CHEMBL41306,1
CHEMBL4297436,1
CHEMBL3301581,1
CHEMBL3544953,1
CHEMBL412309,1
CHEMBL420,1
CHEMBL332750,1
CHEMBL4297290,1
CHEMBL3329435,1
CHEMBL4204869,1
CHEMBL3542265,1
CHEMBL354077,1
CHEMBL3527000,1
CHEMBL4297392,1
CHEMBL4297293,1
CHEMBL4297422,1
CHEMBL4206033,1
CHEMBL3301624,1
CHEMBL4206492,1
CHEMBL420762,1
CHEMBL333021,1
CHEMBL35033,1
CHEMBL35,1
CHEMBL4297385,1
CHEMBL4208954,1
CHEMBL3330226,1
CHEMBL4209157,1
CHEMBL4205783,1
CHEMBL3544930,1
CHEMBL3311228,1
CHEMBL3544926,1
CHEMBL4297416,1
CHEMBL3544922,1
CHEMBL4164059,1
CHEMBL4167360,1
CHEMBL3544917,1
CHEMBL4175981,1
CHEMBL4297183,1
CHEMBL3544914,1
CHEMBL4297399,1
CHEMBL3544913,1
CHEMBL4297182,1
CHEMBL3317857,1
CHEMBL3544909,1
CHEMBL419,1
CHEMBL419213,1
CHEMBL3318007,1
CHEMBL3301586,1
CHEMBL419792,1
CHEMBL3544908,1
CHEMBL3301587,1
CHEMBL418995,1
CHEMBL3545360,1
CHEMBL372205,1
CHEMBL372795,1
CHEMBL373742,1
CHEMBL374478,1
CHEMBL3545359,1
CHEMBL3545357,1
CHEMBL3545355,1
CHEMBL3746329,1
CHEMBL3746388,1
CHEMBL374731,1
CHEMBL374975,1
CHEMBL3545354,1
CHEMBL376140,1
CHEMBL3545106,1
CHEMBL376359,1
CHEMBL376488,1
CHEMBL3545350,1
CHEMBL37676,1
CHEMBL3545349,1
CHEMBL3545347,1
CHEMBL3545346,1
CHEMBL37744,1
CHEMBL377559,1
CHEMBL3785197,1
CHEMBL378544,1
CHEMBL3545343,1
CHEMBL3785909,1
CHEMBL3786098,1
CHEMBL3545351,1
CHEMBL3707365,1
CHEMBL3707372,1
CHEMBL3545376,1
CHEMBL3545374,1
CHEMBL3545373,1
CHEMBL3707374,1
CHEMBL3707375,1
CHEMBL3707376,1
CHEMBL3707377,1
CHEMBL3707378,1
CHEMBL3707380,1
CHEMBL3707383,1
CHEMBL3707393,1
CHEMBL3707396,1
CHEMBL3716552,1
CHEMBL4297523,1
CHEMBL3707398,1
CHEMBL3707399,1
CHEMBL3707401,1
CHEMBL3707404,1
CHEMBL370805,1
CHEMBL3545370,1
CHEMBL371064,1
CHEMBL3545369,1
CHEMBL3545368,1
CHEMBL371405,1
CHEMBL3716057,1
CHEMBL37161,1
CHEMBL3545363,1
CHEMBL3716365,1
CHEMBL3707397,1
CHEMBL3833343,1
CHEMBL3545316,1
CHEMBL3545313,1
CHEMBL3833346,1
CHEMBL3833357,1
CHEMBL3833368,1
CHEMBL3545309,1
CHEMBL3545308,1
CHEMBL3833371,1
CHEMBL3545307,1
CHEMBL3545305,1
CHEMBL3833372,1
CHEMBL3833373,1
CHEMBL3833374,1
CHEMBL3786343,1
CHEMBL3545298,1
CHEMBL3833384,1
CHEMBL3833386,1
CHEMBL3833389,1
CHEMBL3833393,1
CHEMBL3545291,1
CHEMBL3545289,1
CHEMBL38380,1
CHEMBL383824,1
CHEMBL3545280,1
CHEMBL3545279,1
CHEMBL38434,1
CHEMBL3545278,1
CHEMBL384467,1
CHEMBL3545299,1
CHEMBL3786673,1
CHEMBL3787344,1
CHEMBL3545341,1
CHEMBL38,1
CHEMBL3809489,1
CHEMBL3813842,1
CHEMBL3818875,1
CHEMBL3545335,1
CHEMBL382277,1
CHEMBL3822773,1
CHEMBL382301,1
CHEMBL3827379,1
CHEMBL3545334,1
CHEMBL3545331,1
CHEMBL3833342,1
CHEMBL3545328,1
CHEMBL3828009,1
CHEMBL3828074,1
CHEMBL3545327,1
CHEMBL3833304,1
CHEMBL3545321,1
CHEMBL3833307,1
CHEMBL3833308,1
CHEMBL3833319,1
CHEMBL3545317,1
CHEMBL3833320,1
CHEMBL3833321,1
CHEMBL3833329,1
CHEMBL3833330,1
CHEMBL3833340,1
CHEMBL3545330,1
CHEMBL3674570,1
CHEMBL3678076,1
CHEMBL3590674,1
CHEMBL3682589,1
CHEMBL3590187,1
CHEMBL3589904,1
CHEMBL369075,1
CHEMBL3586404,1
CHEMBL3692206,1
CHEMBL3581693,1
CHEMBL3581647,1
CHEMBL3694769,1
CHEMBL3580737,1
CHEMBL356388,1
CHEMBL3707359,1
CHEMBL370143,1
CHEMBL3702854,1
CHEMBL356359,1
CHEMBL3707183,1
CHEMBL3707222,1
CHEMBL3707223,1
CHEMBL3559672,1
CHEMBL3707224,1
CHEMBL3707226,1
CHEMBL3707227,1
CHEMBL3707228,1
CHEMBL355200,1
CHEMBL3707229,1
CHEMBL3707235,1
CHEMBL3701238,1
CHEMBL363392,1
CHEMBL363648,1
CHEMBL3639728,1
CHEMBL3639788,1
CHEMBL3642985,1
CHEMBL3643413,1
CHEMBL3623290,1
CHEMBL3644252,1
CHEMBL3622820,1
CHEMBL3617964,1
CHEMBL3608680,1
CHEMBL3647536,1
CHEMBL364804,1
CHEMBL360328,1
CHEMBL3673452,1
CHEMBL3649803,1
CHEMBL360055,1
CHEMBL36,1
CHEMBL36506,1
CHEMBL3651966,1
CHEMBL3597971,1
CHEMBL3653256,1
CHEMBL3655081,1
CHEMBL3657311,1
CHEMBL359744,1
CHEMBL3663929,1
CHEMBL3666807,1
CHEMBL3668014,1
CHEMBL359164,1
CHEMBL3669417,1
CHEMBL3600873,1
CHEMBL3707314,1
CHEMBL3707315,1
CHEMBL3545393,1
CHEMBL3545391,1
CHEMBL3707316,1
CHEMBL3707318,1
CHEMBL3707319,1
CHEMBL3545389,1
CHEMBL3545388,1
CHEMBL3707322,1
CHEMBL3707324,1
CHEMBL3545386,1
CHEMBL3545385,1
CHEMBL3707325,1
CHEMBL3549142,1
CHEMBL3707327,1
CHEMBL3707328,1
CHEMBL3545384,1
CHEMBL3707330,1
CHEMBL3707331,1
CHEMBL3545383,1
CHEMBL3545378,1
CHEMBL3707347,1
CHEMBL3707348,1
CHEMBL3707351,1
CHEMBL3707353,1
CHEMBL3707354,1
CHEMBL3707355,1
CHEMBL3707356,1
CHEMBL3707357,1
CHEMBL3707326,1
CHEMBL3707243,1
CHEMBL3707245,1
CHEMBL3545432,1
CHEMBL3707246,1
CHEMBL3545423,1
CHEMBL3707248,1
CHEMBL3545419,1
CHEMBL3545415,1
CHEMBL3545414,1
CHEMBL3545413,1
CHEMBL3707253,1
CHEMBL3545412,1
CHEMBL3545411,1
CHEMBL354541,1
CHEMBL3707313,1
CHEMBL3707276,1
CHEMBL3545408,1
CHEMBL3707278,1
CHEMBL3545407,1
CHEMBL3545406,1
CHEMBL3545403,1
CHEMBL3707279,1
CHEMBL3545398,1
CHEMBL3707280,1
CHEMBL3707290,1
CHEMBL3707293,1
CHEMBL3545395,1
CHEMBL3707294,1
CHEMBL3707297,1
CHEMBL3545394,1
CHEMBL3707275,1
CHEMBL3989826,1
CHEMBL3989829,1
CHEMBL3989830,1
CHEMBL3989834,1
CHEMBL3545131,1
CHEMBL3989843,1
CHEMBL3545123,1
CHEMBL3545122,1
CHEMBL3989855,1
CHEMBL3989862,1
CHEMBL3989865,1
CHEMBL3989866,1
CHEMBL3989867,1
CHEMBL3989868,1
CHEMBL385517,1
CHEMBL3989870,1
CHEMBL3989871,1
CHEMBL3989872,1
CHEMBL3989873,1
CHEMBL3545114,1
CHEMBL3989885,1
CHEMBL3989887,1
CHEMBL3989899,1
CHEMBL3989904,1
CHEMBL3989908,1
CHEMBL3545111,1
CHEMBL3545108,1
CHEMBL3989909,1
CHEMBL3989910,1
CHEMBL3545117,1
CHEMBL3989693,1
CHEMBL3545162,1
CHEMBL3545157,1
CHEMBL3989695,1
CHEMBL3989698,1
CHEMBL3545154,1
CHEMBL3545153,1
CHEMBL3989715,1
CHEMBL3989716,1
CHEMBL3989724,1
CHEMBL3989751,1
CHEMBL3989754,1
CHEMBL3545148,1
CHEMBL3989767,1
CHEMBL3989825,1
CHEMBL3989769,1
CHEMBL3989798,1
CHEMBL3545147,1
CHEMBL3989801,1
CHEMBL3989803,1
CHEMBL3545146,1
CHEMBL3989819,1
CHEMBL3989820,1
CHEMBL3989821,1
CHEMBL3545142,1
CHEMBL3545139,1
CHEMBL3545138,1
CHEMBL3989823,1
CHEMBL3545137,1
CHEMBL3545135,1
CHEMBL3989768,1
CHEMBL3989966,1
CHEMBL3545073,1
CHEMBL3545072,1
CHEMBL3989967,1
CHEMBL3989968,1
CHEMBL3545071,1
CHEMBL3545070,1
CHEMBL3989969,1
CHEMBL3989970,1
CHEMBL3989971,1
CHEMBL3989972,1
CHEMBL3989974,1
CHEMBL3989977,1
CHEMBL3989978,1
CHEMBL3989915,1
CHEMBL3989986,1
CHEMBL3545065,1
CHEMBL3989987,1
CHEMBL3989988,1
CHEMBL3989989,1
CHEMBL3545063,1
CHEMBL3989992,1
CHEMBL3989993,1
CHEMBL3989994,1
CHEMBL3989996,1
CHEMBL3989997,1
CHEMBL3545062,1
CHEMBL3990001,1
CHEMBL3545060,1
CHEMBL3989980,1
CHEMBL3545103,1
CHEMBL3989916,1
CHEMBL3989917,1
CHEMBL3989919,1
CHEMBL3989920,1
CHEMBL3545100,1
CHEMBL3545097,1
CHEMBL3989923,1
CHEMBL3545094,1
CHEMBL3545093,1
CHEMBL3989927,1
CHEMBL3545091,1
CHEMBL3989929,1
CHEMBL3989931,1
CHEMBL3545074,1
CHEMBL3545090,1
CHEMBL3989936,1
CHEMBL3989937,1
CHEMBL3989939,1
CHEMBL3989943,1
CHEMBL3989944,1
CHEMBL3545087,1
CHEMBL3989947,1
CHEMBL3989948,1
CHEMBL3545082,1
CHEMBL3989954,1
CHEMBL3989958,1
CHEMBL3545080,1
CHEMBL3989960,1
CHEMBL3545076,1
CHEMBL3989932,1
CHEMBL3545237,1
CHEMBL3945728,1
CHEMBL3946483,1
CHEMBL395091,1
CHEMBL395110,1
CHEMBL3545235,1
CHEMBL3545233,1
CHEMBL3545232,1
CHEMBL3545231,1
CHEMBL395280,1
CHEMBL39541,1
CHEMBL3545225,1
CHEMBL3545224,1
CHEMBL3545222,1
CHEMBL3989691,1
CHEMBL3545220,1
CHEMBL3545216,1
CHEMBL3545215,1
CHEMBL395429,1
CHEMBL3545213,1
CHEMBL3960488,1
CHEMBL3545211,1
CHEMBL3545210,1
CHEMBL3963485,1
CHEMBL3545209,1
CHEMBL396778,1
CHEMBL3969876,1
CHEMBL3971095,1
CHEMBL3545208,1
CHEMBL3545221,1
CHEMBL386630,1
CHEMBL3545274,1
CHEMBL388590,1
CHEMBL3889654,1
CHEMBL38943,1
CHEMBL3545269,1
CHEMBL389621,1
CHEMBL3545268,1
CHEMBL3900409,1
CHEMBL3900554,1
CHEMBL3905910,1
CHEMBL3545261,1
CHEMBL3908979,1
CHEMBL3545252,1
CHEMBL3940890,1
CHEMBL3545249,1
CHEMBL3912251,1
CHEMBL3915620,1
CHEMBL3916243,1
CHEMBL3916717,1
CHEMBL3916929,1
CHEMBL3918017,1
CHEMBL392149,1
CHEMBL3931971,1
CHEMBL393220,1
CHEMBL3935857,1
CHEMBL3936761,1
CHEMBL393820,1
CHEMBL3545241,1
CHEMBL3545239,1
CHEMBL3910075,1
CHEMBL3989520,1
CHEMBL3545184,1
CHEMBL3545183,1
CHEMBL3545181,1
CHEMBL3989521,1
CHEMBL3989551,1
CHEMBL3989555,1
CHEMBL3989556,1
CHEMBL3545174,1
CHEMBL3989559,1
CHEMBL3545173,1
CHEMBL3989562,1
CHEMBL3545168,1
CHEMBL3545167,1
CHEMBL397420,1
CHEMBL3989566,1
CHEMBL3989567,1
CHEMBL3989568,1
CHEMBL3989569,1
CHEMBL3989571,1
CHEMBL3989658,1
CHEMBL3989676,1
CHEMBL3545166,1
CHEMBL3989677,1
CHEMBL3989678,1
CHEMBL3545164,1
CHEMBL3989682,1
CHEMBL3989686,1
CHEMBL3989689,1
CHEMBL3989690,1
CHEMBL3989564,1
CHEMBL3977543,1
CHEMBL3979920,1
CHEMBL398338,1
CHEMBL3545203,1
CHEMBL3545201,1
CHEMBL398435,1
CHEMBL3984425,1
CHEMBL3986824,1
CHEMBL398707,1
CHEMBL3989401,1
CHEMBL3989402,1
CHEMBL3989406,1
CHEMBL3989408,1
CHEMBL3545199,1
CHEMBL3545185,1
CHEMBL3989410,1
CHEMBL3989478,1
CHEMBL3545193,1
CHEMBL3989481,1
CHEMBL3545192,1
CHEMBL3989496,1
CHEMBL3545191,1
CHEMBL3989509,1
CHEMBL3989510,1
CHEMBL3989512,1
CHEMBL3989514,1
CHEMBL3989515,1
CHEMBL3545189,1
CHEMBL3989516,1
CHEMBL3545186,1
CHEMBL3989409,1
CHEMBL550755,1
CHEMBL549344,1
CHEMBL549,1
CHEMBL5483015,1
CHEMBL548,1
CHEMBL547,1
CHEMBL545437,1
CHEMBL544665,1
CHEMBL544,1
CHEMBL325424,1
CHEMBL542414,1
CHEMBL541758,1
CHEMBL5416410,1
CHEMBL539843,1
CHEMBL539697,1
CHEMBL538943,1
CHEMBL538867,1
CHEMBL536151,1
CHEMBL535396,1
CHEMBL54349,1
CHEMBL562,1
CHEMBL561339,1
CHEMBL561157,1
CHEMBL561132,1
CHEMBL561,1
CHEMBL560993,1
CHEMBL559478,1
CHEMBL559,1
CHEMBL558,1
CHEMBL550781,1
CHEMBL556262,1
CHEMBL553025,1
CHEMBL553,1
CHEMBL552212,1
CHEMBL551978,1
CHEMBL551813,1
CHEMBL551466,1
CHEMBL551064,1
CHEMBL550936,1
CHEMBL557555,1
CHEMBL5315073,1
CHEMBL5315072,1
CHEMBL5315071,1
CHEMBL5315070,1
CHEMBL5315069,1
CHEMBL5315064,1
CHEMBL5315060,1
CHEMBL5315059,1
CHEMBL5315056,1
CHEMBL53463,1
CHEMBL5315050,1
CHEMBL5315049,1
CHEMBL5315048,1
CHEMBL5314934,1
CHEMBL5314879,1
CHEMBL5314878,1
CHEMBL5314801,1
CHEMBL5314796,1
CHEMBL5314727,1
CHEMBL5315054,1
CHEMBL53418,1
CHEMBL534,1
CHEMBL53366,1
CHEMBL533,1
CHEMBL53292,1
CHEMBL532,1
CHEMBL5316169,1
CHEMBL5315126,1
CHEMBL5315123,1
CHEMBL5315075,1
CHEMBL5315121,1
CHEMBL5315120,1
CHEMBL5315118,1
CHEMBL5315117,1
CHEMBL5315093,1
CHEMBL5315087,1
CHEMBL5315080,1
CHEMBL5315078,1
CHEMBL5315076,1
CHEMBL5315122,1
CHEMBL595,1
CHEMBL594,1
CHEMBL59356,1
CHEMBL593430,1
CHEMBL593,1
CHEMBL592435,1
CHEMBL592374,1
CHEMBL592,1
CHEMBL591501,1
CHEMBL562318,1
CHEMBL591,1
CHEMBL59,1
CHEMBL589586,1
CHEMBL589583,1
CHEMBL589,1
CHEMBL588,1
CHEMBL586702,1
CHEMBL585902,1
CHEMBL585,1
CHEMBL591118,1
CHEMBL6067650,1
CHEMBL6067642,1
CHEMBL6067494,1
CHEMBL6067487,1
CHEMBL6067485,1
CHEMBL6067484,1
CHEMBL606260,1
CHEMBL606,1
CHEMBL605846,1
CHEMBL595573,1
CHEMBL605,1
CHEMBL604710,1
CHEMBL603,1
CHEMBL6,1
CHEMBL599,1
CHEMBL598172,1
CHEMBL597,1
CHEMBL596802,1
CHEMBL596,1
CHEMBL605525,1
CHEMBL570,1
CHEMBL57,1
CHEMBL569713,1
CHEMBL569,1
CHEMBL568,1
CHEMBL567303,1
CHEMBL567,1
CHEMBL566757,1
CHEMBL566315,1
CHEMBL584,1
CHEMBL565612,1
CHEMBL565,1
CHEMBL564085,1
CHEMBL563646,1
CHEMBL56337,1
CHEMBL563251,1
CHEMBL563,1
CHEMBL562967,1
CHEMBL562668,1
CHEMBL56564,1
CHEMBL58323,1
CHEMBL582857,1
CHEMBL580,1
CHEMBL58,1
CHEMBL57997,1
CHEMBL578390,1
CHEMBL578,1
CHEMBL577,1
CHEMBL575,1
CHEMBL570015,1
CHEMBL572878,1
CHEMBL57242,1
CHEMBL5723563,1
CHEMBL572284,1
CHEMBL571987,1
CHEMBL571948,1
CHEMBL571546,1
CHEMBL571209,1
CHEMBL571,1
CHEMBL573677,1
CHEMBL5095030,1
CHEMBL5095028,1
CHEMBL5095027,1
CHEMBL5095023,1
CHEMBL5095022,1
CHEMBL5095021,1
CHEMBL508102,1
CHEMBL507674,1
CHEMBL507282,1
CHEMBL5314722,1
CHEMBL506871,1
CHEMBL506569,1
CHEMBL505,1
CHEMBL504652,1
CHEMBL503,1
CHEMBL502182,1
CHEMBL502097,1
CHEMBL502,1
CHEMBL501867,1
CHEMBL506981,1
CHEMBL513,1
CHEMBL512351,1
CHEMBL511115,1
CHEMBL511099,1
CHEMBL511,1
CHEMBL5095475,1
CHEMBL5095474,1
CHEMBL5095451,1
CHEMBL5095440,1
CHEMBL5095031,1
CHEMBL5095303,1
CHEMBL5095275,1
CHEMBL5095110,1
CHEMBL5095056,1
CHEMBL5095052,1
CHEMBL5095050,1
CHEMBL5095036,1
CHEMBL5095035,1
CHEMBL5095034,1
CHEMBL5095401,1
CHEMBL490029,1
CHEMBL490,1
CHEMBL49,1
CHEMBL489095,1
CHEMBL488937,1
CHEMBL488436,1
CHEMBL487,1
CHEMBL486226,1
CHEMBL48582,1
CHEMBL501849,1
CHEMBL485,1
CHEMBL484785,1
CHEMBL484,1
CHEMBL48361,1
CHEMBL483465,1
CHEMBL483321,1
CHEMBL483254,1
CHEMBL483158,1
CHEMBL482950,1
CHEMBL485629,1
CHEMBL501259,1
CHEMBL5,1
CHEMBL499915,1
CHEMBL498,1
CHEMBL497939,1
CHEMBL49642,1
CHEMBL496102,1
CHEMBL496,1
CHEMBL494753,1
CHEMBL490665,1
CHEMBL49429,1
CHEMBL494,1
CHEMBL493982,1
CHEMBL493,1
CHEMBL492399,1
CHEMBL492,1
CHEMBL491571,1
CHEMBL49080,1
CHEMBL490672,1
CHEMBL494480,1
CHEMBL5314387,1
CHEMBL5314386,1
CHEMBL5314385,1
CHEMBL5314383,1
CHEMBL5314381,1
CHEMBL5314379,1
CHEMBL5314378,1
CHEMBL5314377,1
CHEMBL5314375,1
CHEMBL513909,1
CHEMBL5314373,1
CHEMBL5314366,1
CHEMBL5314362,1
CHEMBL5314357,1
CHEMBL5314348,1
CHEMBL5314342,1
CHEMBL5314341,1
CHEMBL531,1
CHEMBL530,1
CHEMBL5314374,1
CHEMBL5314551,1
CHEMBL5314441,1
CHEMBL5314421,1
CHEMBL5314411,1
CHEMBL5314410,1
CHEMBL5314409,1
CHEMBL5314405,1
CHEMBL5314403,1
CHEMBL5314402,1
CHEMBL5314388,1
CHEMBL5314400,1
CHEMBL5314399,1
CHEMBL5314398,1
CHEMBL5314397,1
CHEMBL5314396,1
CHEMBL5314395,1
CHEMBL5314393,1
CHEMBL5314392,1
CHEMBL5314389,1
CHEMBL5314401,1
CHEMBL520642,1
CHEMBL5189739,1
CHEMBL518924,1
CHEMBL518520,1
CHEMBL517427,1
CHEMBL517140,1
CHEMBL5170587,1
CHEMBL517,1
CHEMBL516,1
CHEMBL53,1
CHEMBL515914,1
CHEMBL515606,1
CHEMBL515387,1
CHEMBL515271,1
CHEMBL514800,1
CHEMBL514270,1
CHEMBL514201,1
CHEMBL513994,1
CHEMBL513922,1
CHEMBL515966,1
CHEMBL529437,1
CHEMBL52939,1
CHEMBL529,1
CHEMBL528,1
CHEMBL527,1
CHEMBL5267842,1
CHEMBL526,1
CHEMBL525610,1
CHEMBL525076,1
CHEMBL520733,1
CHEMBL52333,1
CHEMBL523299,1
CHEMBL522987,1
CHEMBL522302,1
CHEMBL522038,1
CHEMBL521851,1
CHEMBL521686,1
CHEMBL521589,1
CHEMBL521,1
CHEMBL524,1
CHEMBL844,1
CHEMBL843,1
CHEMBL842,1
CHEMBL841,1
CHEMBL84,1
CHEMBL839,1
CHEMBL838,1
CHEMBL837,1
CHEMBL836,1
CHEMBL6067656,1
CHEMBL833,1
CHEMBL832,1
CHEMBL83063,1
CHEMBL830,1
CHEMBL83,1
CHEMBL829,1
CHEMBL82301,1
CHEMBL822,1
CHEMBL821,1
CHEMBL834,1
CHEMBL885,1
CHEMBL88055,1
CHEMBL880,1
CHEMBL87992,1
CHEMBL878,1
CHEMBL877,1
CHEMBL870,1
CHEMBL86715,1
CHEMBL866,1
CHEMBL846,1
CHEMBL864,1
CHEMBL86304,1
CHEMBL862,1
CHEMBL861,1
CHEMBL859,1
CHEMBL855,1
CHEMBL853,1
CHEMBL849,1
CHEMBL848,1
CHEMBL865,1
CHEMBL786,1
CHEMBL783,1
CHEMBL782,1
CHEMBL781,1
CHEMBL779,1
CHEMBL778,1
CHEMBL777,1
CHEMBL776,1
CHEMBL77305,1
CHEMBL819,1
CHEMBL76688,1
CHEMBL766,1
CHEMBL765,1
CHEMBL76370,1
CHEMBL762,1
CHEMBL761,1
CHEMBL760,1
CHEMBL75753,1
CHEMBL75435,1
CHEMBL772,1
CHEMBL818,1
CHEMBL817,1
CHEMBL815,1
CHEMBL814,1
CHEMBL813,1
CHEMBL812,1
CHEMBL811,1
CHEMBL809,1
CHEMBL808,1
CHEMBL787,1
CHEMBL806,1
CHEMBL8030,1
CHEMBL803,1
CHEMBL802,1
CHEMBL80,1
CHEMBL799,1
CHEMBL797,1
CHEMBL79261,1
CHEMBL79,1
CHEMBL807,1
CHEMBL1004,1
CHEMBL967,1
CHEMBL965,1
CHEMBL964,1
CHEMBL963,1
CHEMBL962,1
CHEMBL96172,1
CHEMBL960,1
CHEMBL1005,1
CHEMBL887,1
CHEMBL957,1
CHEMBL956,1
CHEMBL954,1
CHEMBL953,1
CHEMBL95,1
CHEMBL94657,1
CHEMBL946,1
CHEMBL945,1
CHEMBL94454,1
CHEMBL95889,1
CHEMBL998,1
CHEMBL997,1
CHEMBL9967,1
CHEMBL9960,1
CHEMBL996,1
CHEMBL995,1
CHEMBL991,1
CHEMBL990,1
CHEMBL989,1
CHEMBL969,1
CHEMBL983,1
CHEMBL981,1
CHEMBL979,1
CHEMBL978,1
CHEMBL977,1
CHEMBL973,1
CHEMBL972,1
CHEMBL971,1
CHEMBL970,1
CHEMBL984,1
CHEMBL9194,1
CHEMBL919,1
CHEMBL91829,1
CHEMBL918,1
CHEMBL917,1
CHEMBL916,1
CHEMBL914,1
CHEMBL911,1
CHEMBL91,1
CHEMBL944,1
CHEMBL902,1
CHEMBL90,1
CHEMBL898,1
CHEMBL896,1
CHEMBL89598,1
CHEMBL895,1
CHEMBL893,1
CHEMBL891,1
CHEMBL88712,1
CHEMBL90555,1
CHEMBL94081,1
CHEMBL940,1
CHEMBL94,1
CHEMBL939,1
CHEMBL938,1
CHEMBL93747,1
CHEMBL937,1
CHEMBL93645,1
CHEMBL936,1
CHEMBL92,1
CHEMBL1002,1
CHEMBL93,1
CHEMBL9298,1
CHEMBL929,1
CHEMBL927,1
CHEMBL92401,1
CHEMBL924,1
CHEMBL923,1
CHEMBL922,1
CHEMBL934,1
CHEMBL617,1
CHEMBL61593,1
CHEMBL615,1
CHEMBL611,1
CHEMBL608,1
CHEMBL607707,1
CHEMBL607400,1
CHEMBL607,1
CHEMBL6068771,1
CHEMBL754,1
CHEMBL6068499,1
CHEMBL6068496,1
CHEMBL6068494,1
CHEMBL6068492,1
CHEMBL6068491,1
CHEMBL6068490,1
CHEMBL6068489,1
CHEMBL6068478,1
CHEMBL6068431,1
CHEMBL6068501,1
CHEMBL64391,1
CHEMBL643,1
CHEMBL642,1
CHEMBL641,1
CHEMBL640,1
CHEMBL64,1
CHEMBL639,1
CHEMBL638,1
CHEMBL636,1
CHEMBL62193,1
CHEMBL634,1
CHEMBL633,1
CHEMBL632,1
CHEMBL6318,1
CHEMBL63,1
CHEMBL626,1
CHEMBL6259,1
CHEMBL625,1
CHEMBL622,1
CHEMBL635,1
CHEMBL6068343,1
CHEMBL6068342,1
CHEMBL6068340,1
CHEMBL6068339,1
CHEMBL6068338,1
CHEMBL6068337,1
CHEMBL6068334,1
CHEMBL6068333,1
CHEMBL6068330,1
CHEMBL6068423,1
CHEMBL6068160,1
CHEMBL6067998,1
CHEMBL6067997,1
CHEMBL6067995,1
CHEMBL6067994,1
CHEMBL6067988,1
CHEMBL6067980,1
CHEMBL6067973,1
CHEMBL6067972,1
CHEMBL6068328,1
CHEMBL6068400,1
CHEMBL6068395,1
CHEMBL6068388,1
CHEMBL6068385,1
CHEMBL6068384,1
CHEMBL6068382,1
CHEMBL6068381,1
CHEMBL6068380,1
CHEMBL6068378,1
CHEMBL6068346,1
CHEMBL6068375,1
CHEMBL6068372,1
CHEMBL6068371,1
CHEMBL6068362,1
CHEMBL6068361,1
CHEMBL6068352,1
CHEMBL6068350,1
CHEMBL6068349,1
CHEMBL6068348,1
CHEMBL6068377,1
CHEMBL726,1
CHEMBL72,1
CHEMBL719,1
CHEMBL717,1
CHEMBL714,1
CHEMBL713,1
CHEMBL712,1
CHEMBL711,1
CHEMBL710,1
CHEMBL645,1
CHEMBL709,1
CHEMBL707,1
CHEMBL70663,1
CHEMBL705,1
CHEMBL70418,1
CHEMBL703,1
CHEMBL702,1
CHEMBL701,1
CHEMBL70046,1
CHEMBL70972,1
CHEMBL753,1
CHEMBL75133,1
CHEMBL750,1
CHEMBL7492,1
CHEMBL748,1
CHEMBL747,1
CHEMBL74632,1
CHEMBL744,1
CHEMBL74355,1
CHEMBL727,1
CHEMBL7413,1
CHEMBL741,1
CHEMBL738,1
CHEMBL73451,1
CHEMBL734,1
CHEMBL73234,1
CHEMBL730,1
CHEMBL729,1
CHEMBL728,1
CHEMBL742,1
CHEMBL673,1
CHEMBL672,1
CHEMBL667,1
CHEMBL666,1
CHEMBL6622,1
CHEMBL661,1
CHEMBL659,1
CHEMBL658,1
CHEMBL65794,1
CHEMBL700,1
CHEMBL656,1
CHEMBL655,1
CHEMBL65375,1
CHEMBL652,1
CHEMBL651,1
CHEMBL650,1
CHEMBL648,1
CHEMBL647,1
CHEMBL646,1
CHEMBL657,1
CHEMBL70,1
CHEMBL69998,1
CHEMBL6995,1
CHEMBL698,1
CHEMBL697,1
CHEMBL6966,1
CHEMBL696,1
CHEMBL695,1
CHEMBL691,1
CHEMBL675,1
CHEMBL688,1
CHEMBL686,1
CHEMBL685,1
CHEMBL684,1
CHEMBL68117,1
CHEMBL681,1
CHEMBL68055,1
CHEMBL680,1
CHEMBL679,1
CHEMBL677,1
CHEMBL690,1
CHEMBL4298127,1
CHEMBL4298126,1
CHEMBL4298124,1
CHEMBL4298123,1
CHEMBL4298119,1
CHEMBL4298117,1
CHEMBL4298113,1
CHEMBL4298102,1
CHEMBL4298095,1
CHEMBL482767,1
CHEMBL4298089,1
CHEMBL4298088,1
CHEMBL4298087,1
CHEMBL4298086,1
CHEMBL4298085,1
CHEMBL4298079,1
CHEMBL4298077,1
CHEMBL4298067,1
CHEMBL4298062,1
CHEMBL4298093,1
CHEMBL4298194,1
CHEMBL4298193,1
CHEMBL4298192,1
CHEMBL4298191,1
CHEMBL4298189,1
CHEMBL4298188,1
CHEMBL4298185,1
CHEMBL4298184,1
CHEMBL4298183,1
CHEMBL4298128,1
CHEMBL4298178,1
CHEMBL4298176,1
CHEMBL4298172,1
CHEMBL4298171,1
CHEMBL4298169,1
CHEMBL4298168,1
CHEMBL4298153,1
CHEMBL4298150,1
CHEMBL4298137,1
CHEMBL4298179,1
CHEMBL4297990,1
CHEMBL4297986,1
CHEMBL4297985,1
CHEMBL4297975,1
CHEMBL4297973,1
CHEMBL4297971,1
CHEMBL4297969,1
CHEMBL4297968,1
CHEMBL4297966,1
CHEMBL4298050,1
CHEMBL4297951,1
CHEMBL4297950,1
CHEMBL4297949,1
CHEMBL4297945,1
CHEMBL4297942,1
CHEMBL4297926,1
CHEMBL4297918,1
CHEMBL4297911,1
CHEMBL4297909,1
CHEMBL4297955,1
CHEMBL4298047,1
CHEMBL4298040,1
CHEMBL4298037,1
CHEMBL4298034,1
CHEMBL4298031,1
CHEMBL4298025,1
CHEMBL4298021,1
CHEMBL4298016,1
CHEMBL4298013,1
CHEMBL4297991,1
CHEMBL4298009,1
CHEMBL4298006,1
CHEMBL4298005,1
CHEMBL4298004,1
CHEMBL4298002,1
CHEMBL4298001,1
CHEMBL4297998,1
CHEMBL4297994,1
CHEMBL4297993,1
CHEMBL4298012,1
CHEMBL4437054,1
CHEMBL44354,1
CHEMBL4435170,1
CHEMBL443052,1
CHEMBL443,1
CHEMBL441738,1
CHEMBL441,1
CHEMBL440115,1
CHEMBL440,1
CHEMBL4298195,1
CHEMBL439,1
CHEMBL438,1
CHEMBL437765,1
CHEMBL43708,1
CHEMBL437,1
CHEMBL436774,1
CHEMBL436,1
CHEMBL435381,1
CHEMBL435298,1
CHEMBL439338,1
CHEMBL447955,1
CHEMBL447664,1
CHEMBL4475463,1
CHEMBL4470585,1
CHEMBL447,1
CHEMBL4468815,1
CHEMBL4466233,1
CHEMBL44657,1
CHEMBL4461070,1
CHEMBL444172,1
CHEMBL4459585,1
CHEMBL4458276,1
CHEMBL445813,1
CHEMBL4457723,1
CHEMBL4456085,1
CHEMBL444929,1
CHEMBL444633,1
CHEMBL4444976,1
CHEMBL4442620,1
CHEMBL446,1
CHEMBL4303323,1
CHEMBL4303288,1
CHEMBL4303241,1
CHEMBL4303232,1
CHEMBL4303214,1
CHEMBL4302409,1
CHEMBL4301914,1
CHEMBL4301600,1
CHEMBL43,1
CHEMBL435224,1
CHEMBL429910,1
CHEMBL4298213,1
CHEMBL4298212,1
CHEMBL4298211,1
CHEMBL4298210,1
CHEMBL4298207,1
CHEMBL4298205,1
CHEMBL4298202,1
CHEMBL4298199,1
CHEMBL4299940,1
CHEMBL435191,1
CHEMBL435128,1
CHEMBL435,1
CHEMBL43452,1
CHEMBL434,1
CHEMBL433,1
CHEMBL432162,1
CHEMBL431770,1
CHEMBL431733,1
CHEMBL4303379,1
CHEMBL430497,1
CHEMBL4303729,1
CHEMBL4303669,1
CHEMBL4303596,1
CHEMBL4303525,1
CHEMBL4303454,1
CHEMBL4303404,1
CHEMBL4303403,1
CHEMBL4303389,1
CHEMBL431,1
CHEMBL4297644,1
CHEMBL4297643,1
CHEMBL4297640,1
CHEMBL4297638,1
CHEMBL4297636,1
CHEMBL4297632,1
CHEMBL4297627,1
CHEMBL4297626,1
CHEMBL4297624,1
CHEMBL4297905,1
CHEMBL4297621,1
CHEMBL4297619,1
CHEMBL4297616,1
CHEMBL4297615,1
CHEMBL4297613,1
CHEMBL4297611,1
CHEMBL4297610,1
CHEMBL4297609,1
CHEMBL4297608,1
CHEMBL4297622,1
CHEMBL4297711,1
CHEMBL4297701,1
CHEMBL4297694,1
CHEMBL4297692,1
CHEMBL4297688,1
CHEMBL4297686,1
CHEMBL4297684,1
CHEMBL4297680,1
CHEMBL4297679,1
CHEMBL4297645,1
CHEMBL4297666,1
CHEMBL4297661,1
CHEMBL4297658,1
CHEMBL4297651,1
CHEMBL4297650,1
CHEMBL4297649,1
CHEMBL4297648,1
CHEMBL4297647,1
CHEMBL4297646,1
CHEMBL4297674,1
CHEMBL4297571,1
CHEMBL4297566,1
CHEMBL4297564,1
CHEMBL4297563,1
CHEMBL4297562,1
CHEMBL4297560,1
CHEMBL4297558,1
CHEMBL4297556,1
CHEMBL4297551,1
CHEMBL4297604,1
CHEMBL4297537,1
CHEMBL4297536,1
CHEMBL4297534,1
CHEMBL4297533,1
CHEMBL4297528,1
CHEMBL4297527,1
CHEMBL4297526,1
CHEMBL4297525,1
CHEMBL4297524,1
CHEMBL4297545,1
CHEMBL4297603,1
CHEMBL4297601,1
CHEMBL4297600,1
CHEMBL4297599,1
CHEMBL4297598,1
CHEMBL4297596,1
CHEMBL4297594,1
CHEMBL4297593,1
CHEMBL4297592,1
CHEMBL4297574,1
CHEMBL4297589,1
CHEMBL4297588,1
CHEMBL4297583,1
CHEMBL4297581,1
CHEMBL4297580,1
CHEMBL4297579,1
CHEMBL4297578,1
CHEMBL4297577,1
CHEMBL4297575,1
CHEMBL4297591,1
CHEMBL4297860,1
CHEMBL4297858,1
CHEMBL4297856,1
CHEMBL4297852,1
CHEMBL4297849,1
CHEMBL4297848,1
CHEMBL4297846,1
CHEMBL4297845,1
CHEMBL4297843,1
CHEMBL4297713,1
CHEMBL4297840,1
CHEMBL4297838,1
CHEMBL4297837,1
CHEMBL4297833,1
CHEMBL4297832,1
CHEMBL4297831,1
CHEMBL4297830,1
CHEMBL4297829,1
CHEMBL4297828,1
CHEMBL4297842,1
CHEMBL4297904,1
CHEMBL4297894,1
CHEMBL4297891,1
CHEMBL4297889,1
CHEMBL4297888,1
CHEMBL4297887,1
CHEMBL4297886,1
CHEMBL4297884,1
CHEMBL4297883,1
CHEMBL4297861,1
CHEMBL4297879,1
CHEMBL4297878,1
CHEMBL4297877,1
CHEMBL4297876,1
CHEMBL4297873,1
CHEMBL4297872,1
CHEMBL4297871,1
CHEMBL4297864,1
CHEMBL4297862,1
CHEMBL4297880,1
CHEMBL4297762,1
CHEMBL4297760,1
CHEMBL4297756,1
CHEMBL4297754,1
CHEMBL4297748,1
CHEMBL4297744,1
CHEMBL4297743,1
CHEMBL4297741,1
CHEMBL4297739,1
CHEMBL4297820,1
CHEMBL4297732,1
CHEMBL4297730,1
CHEMBL4297729,1
CHEMBL4297728,1
CHEMBL4297723,1
CHEMBL4297722,1
CHEMBL4297721,1
CHEMBL4297718,1
CHEMBL4297715,1
CHEMBL4297734,1
CHEMBL4297819,1
CHEMBL4297813,1
CHEMBL4297808,1
CHEMBL4297800,1
CHEMBL4297797,1
CHEMBL4297794,1
CHEMBL4297793,1
CHEMBL4297792,1
CHEMBL4297787,1
CHEMBL4297763,1
CHEMBL4297784,1
CHEMBL4297783,1
CHEMBL4297779,1
CHEMBL4297778,1
CHEMBL4297776,1
CHEMBL4297775,1
CHEMBL4297770,1
CHEMBL4297768,1
CHEMBL4297764,1
CHEMBL4297785,1
CHEMBL4650387,1
CHEMBL4650383,1
CHEMBL4650382,1
CHEMBL4650379,1
CHEMBL4650374,1
CHEMBL4650373,1
CHEMBL4650369,1
CHEMBL4650368,1
CHEMBL4650365,1
CHEMBL448,1
CHEMBL4650343,1
CHEMBL4650338,1
CHEMBL4650336,1
CHEMBL4650334,1
CHEMBL4650332,1
CHEMBL4650326,1
CHEMBL4650324,1
CHEMBL4650323,1
CHEMBL4650322,1
CHEMBL4650349,1
CHEMBL4650461,1
CHEMBL4650454,1
CHEMBL4650452,1
CHEMBL4650441,1
CHEMBL4650438,1
CHEMBL4650436,1
CHEMBL4650434,1
CHEMBL4650429,1
CHEMBL4650426,1
CHEMBL4650392,1
CHEMBL4650421,1
CHEMBL4650419,1
CHEMBL4650413,1
CHEMBL4650411,1
CHEMBL4650406,1
CHEMBL4650405,1
CHEMBL4650402,1
CHEMBL4650398,1
CHEMBL4650395,1
CHEMBL4650423,1
CHEMBL4650278,1
CHEMBL4650276,1
CHEMBL4650275,1
CHEMBL4650274,1
CHEMBL4650273,1
CHEMBL4650269,1
CHEMBL4650265,1
CHEMBL4650258,1
CHEMBL4650256,1
CHEMBL4650321,1
CHEMBL4650248,1
CHEMBL4650241,1
CHEMBL4650230,1
CHEMBL4650226,1
CHEMBL4650220,1
CHEMBL4650215,1
CHEMBL4650214,1
CHEMBL465,1
CHEMBL4647810,1
CHEMBL4650249,1
CHEMBL4650319,1
CHEMBL4650318,1
CHEMBL4650316,1
CHEMBL4650313,1
CHEMBL4650301,1
CHEMBL4650299,1
CHEMBL4650296,1
CHEMBL4650295,1
CHEMBL4650294,1
CHEMBL4650280,1
CHEMBL4650290,1
CHEMBL4650289,1
CHEMBL4650288,1
CHEMBL4650286,1
CHEMBL4650285,1
CHEMBL4650284,1
CHEMBL4650283,1
CHEMBL4650282,1
CHEMBL4650281,1
CHEMBL4650292,1
CHEMBL4802154,1
CHEMBL4802150,1
CHEMBL4802135,1
CHEMBL4802130,1
CHEMBL4802129,1
CHEMBL480,1
CHEMBL479527,1
CHEMBL4790100,1
CHEMBL477,1
CHEMBL4650462,1
CHEMBL476323,1
CHEMBL4761468,1
CHEMBL475534,1
CHEMBL475251,1
CHEMBL474579,1
CHEMBL4744254,1
CHEMBL4742157,1
CHEMBL473417,1
CHEMBL473159,1
CHEMBL476960,1
CHEMBL481958,1
CHEMBL481611,1
CHEMBL481,1
CHEMBL4802263,1
CHEMBL4802262,1
CHEMBL4802254,1
CHEMBL4802249,1
CHEMBL4802240,1
CHEMBL4802239,1
CHEMBL4802160,1
CHEMBL4802222,1
CHEMBL4802221,1
CHEMBL4802210,1
CHEMBL4802209,1
CHEMBL4802198,1
CHEMBL4802187,1
CHEMBL4802176,1
CHEMBL4802171,1
CHEMBL4802163,1
CHEMBL4802223,1
CHEMBL4650521,1
CHEMBL4650518,1
CHEMBL4650516,1
CHEMBL4650514,1
CHEMBL4650509,1
CHEMBL4650495,1
CHEMBL4650492,1
CHEMBL4650491,1
CHEMBL4650488,1
CHEMBL473,1
CHEMBL4650486,1
CHEMBL4650485,1
CHEMBL4650482,1
CHEMBL4650478,1
CHEMBL4650476,1
CHEMBL4650473,1
CHEMBL4650472,1
CHEMBL4650470,1
CHEMBL4650469,1
CHEMBL4650487,1
CHEMBL472,1
CHEMBL471897,1
CHEMBL471737,1
CHEMBL471498,1
CHEMBL470888,1
CHEMBL469,1
CHEMBL468419,1
CHEMBL468,1
CHEMBL467888,1
CHEMBL4650522,1
CHEMBL467399,1
CHEMBL467084,1
CHEMBL467058,1
CHEMBL467,1
CHEMBL466659,1
CHEMBL46618,1
CHEMBL46516,1
CHEMBL4651002,1
CHEMBL4650524,1
CHEMBL46740,1
CHEMBL4594273,1
CHEMBL4594268,1
CHEMBL4594267,1
CHEMBL4594265,1
CHEMBL4594262,1
CHEMBL4594260,1
CHEMBL4594258,1
CHEMBL4594257,1
CHEMBL4594253,1
CHEMBL46423,1
CHEMBL4594250,1
CHEMBL4594248,1
CHEMBL4594246,1
CHEMBL4594242,1
CHEMBL4594230,1
CHEMBL4594217,1
CHEMBL4594214,1
CHEMBL459324,1
CHEMBL4592045,1
CHEMBL4594251,1
CHEMBL4594348,1
CHEMBL4594341,1
CHEMBL4594338,1
CHEMBL4594335,1
CHEMBL4594334,1
CHEMBL4594333,1
CHEMBL4594331,1
CHEMBL4594330,1
CHEMBL4594328,1
CHEMBL4594278,1
CHEMBL4594316,1
CHEMBL4594311,1
CHEMBL4594310,1
CHEMBL4594304,1
CHEMBL4594301,1
CHEMBL4594298,1
CHEMBL4594293,1
CHEMBL4594292,1
CHEMBL4594288,1
CHEMBL4594326,1
CHEMBL4535757,1
CHEMBL453514,1
CHEMBL45305,1
CHEMBL453,1
CHEMBL4525964,1
CHEMBL452461,1
CHEMBL452231,1
CHEMBL452076,1
CHEMBL452,1
CHEMBL459,1
CHEMBL451887,1
CHEMBL4518483,1
CHEMBL451,1
CHEMBL450940,1
CHEMBL450044,1
CHEMBL450,1
CHEMBL45,1
CHEMBL449,1
CHEMBL44884,1
CHEMBL451930,1
CHEMBL458876,1
CHEMBL458875,1
CHEMBL4585668,1
CHEMBL4583691,1
CHEMBL45816,1
CHEMBL4577523,1
CHEMBL457547,1
CHEMBL457,1
CHEMBL4567446,1
CHEMBL454,1
CHEMBL456,1
CHEMBL4558324,1
CHEMBL455461,1
CHEMBL455136,1
CHEMBL455,1
CHEMBL454950,1
CHEMBL454446,1
CHEMBL4541964,1
CHEMBL454138,1
CHEMBL4563522,1
CHEMBL4594603,1
CHEMBL4594598,1
CHEMBL4594594,1
CHEMBL4594584,1
CHEMBL4594581,1
CHEMBL4594579,1
CHEMBL4594575,1
CHEMBL4594569,1
CHEMBL4594568,1
CHEMBL4594350,1
CHEMBL4594566,1
CHEMBL4594565,1
CHEMBL4594562,1
CHEMBL4594558,1
CHEMBL4594557,1
CHEMBL4594554,1
CHEMBL4594550,1
CHEMBL4594549,1
CHEMBL4594547,1
CHEMBL4594567,1
CHEMBL464,1
CHEMBL463981,1
CHEMBL462605,1
CHEMBL462018,1
CHEMBL461522,1
CHEMBL461101,1
CHEMBL460785,1
CHEMBL460702,1
CHEMBL460291,1
CHEMBL4594605,1
CHEMBL4596392,1
CHEMBL459505,1
CHEMBL4594730,1
CHEMBL4594618,1
CHEMBL4594614,1
CHEMBL4594613,1
CHEMBL4594612,1
CHEMBL4594608,1
CHEMBL4594607,1
CHEMBL46,1
CHEMBL4594445,1
CHEMBL4594442,1
CHEMBL4594440,1
CHEMBL4594438,1
CHEMBL4594424,1
CHEMBL4594417,1
CHEMBL4594406,1
CHEMBL4594403,1
CHEMBL4594401,1
CHEMBL4594546,1
CHEMBL4594394,1
CHEMBL4594393,1
CHEMBL4594388,1
CHEMBL4594385,1
CHEMBL4594379,1
CHEMBL4594357,1
CHEMBL4594355,1
CHEMBL4594352,1
CHEMBL4594351,1
CHEMBL4594395,1
CHEMBL4594542,1
CHEMBL4594539,1
CHEMBL4594536,1
CHEMBL4594535,1
CHEMBL4594531,1
CHEMBL4594526,1
CHEMBL4594517,1
CHEMBL4594511,1
CHEMBL4594497,1
CHEMBL4594446,1
CHEMBL4594485,1
CHEMBL4594471,1
CHEMBL4594470,1
CHEMBL4594463,1
CHEMBL4594462,1
CHEMBL4594460,1
CHEMBL4594457,1
CHEMBL4594454,1
CHEMBL4594448,1
CHEMBL4594447,1
CHEMBL4594492,1
CHEMBL127,1
CHEMBL1269597,1
CHEMBL1269258,1
CHEMBL1269025,1
CHEMBL1267,1
CHEMBL1266,1
CHEMBL1265,1
CHEMBL1263,1
CHEMBL1262,1
CHEMBL25336,1
CHEMBL126,1
CHEMBL1259059,1
CHEMBL1259,1
CHEMBL1258006,1
CHEMBL1257073,1
CHEMBL1257070,1
CHEMBL1257051,1
CHEMBL1256987,1
CHEMBL1256978,1
CHEMBL12610,1
CHEMBL1296,1
CHEMBL1295,1
CHEMBL1294,1
CHEMBL129,1
CHEMBL1289926,1
CHEMBL1289601,1
CHEMBL1287935,1
CHEMBL128748,1
CHEMBL12856,1
CHEMBL1271,1
CHEMBL1280,1
CHEMBL1277072,1
CHEMBL1277001,1
CHEMBL1276310,1
CHEMBL1276138,1
CHEMBL1275868,1
CHEMBL1275,1
CHEMBL1274,1
CHEMBL1272,1
CHEMBL1282,1
CHEMBL124162,1
CHEMBL1241348,1
CHEMBL1241,1
CHEMBL1240967,1
CHEMBL1237135,1
CHEMBL1237132,1
CHEMBL1237123,1
CHEMBL1237122,1
CHEMBL1237119,1
CHEMBL1256958,1
CHEMBL1237104,1
CHEMBL1237102,1
CHEMBL1237099,1
CHEMBL1237082,1
CHEMBL1237080,1
CHEMBL1237072,1
CHEMBL1237070,1
CHEMBL1237065,1
CHEMBL1237061,1
CHEMBL1237105,1
CHEMBL1256842,1
CHEMBL1256841,1
CHEMBL1256786,1
CHEMBL1256722,1
CHEMBL1256717,1
CHEMBL1256696,1
CHEMBL1256175,1
CHEMBL1255891,1
CHEMBL1255840,1
CHEMBL1241951,1
CHEMBL1255794,1
CHEMBL1255739,1
CHEMBL1255654,1
CHEMBL1255582,1
CHEMBL1254771,1
CHEMBL1254025,1
CHEMBL1252,1
CHEMBL1251,1
CHEMBL1245,1
CHEMBL1242,1
CHEMBL1255800,1
CHEMBL1418176,1
CHEMBL1417019,1
CHEMBL141305,1
CHEMBL1411979,1
CHEMBL1409,1
CHEMBL1405,1
CHEMBL14,1
CHEMBL1399,1
CHEMBL1398126,1
CHEMBL1297,1
CHEMBL1395,1
CHEMBL139367,1
CHEMBL1393,1
CHEMBL139,1
CHEMBL1389,1
CHEMBL1388,1
CHEMBL1387,1
CHEMBL1384,1
CHEMBL13828,1
CHEMBL1397,1
CHEMBL1446,1
CHEMBL1445,1
CHEMBL1444,1
CHEMBL1443,1
CHEMBL1441059,1
CHEMBL1441,1
CHEMBL1440,1
CHEMBL1439,1
CHEMBL14370,1
CHEMBL1419,1
CHEMBL1436,1
CHEMBL1435,1
CHEMBL1434513,1
CHEMBL1434,1
CHEMBL1429,1
CHEMBL142703,1
CHEMBL142635,1
CHEMBL1425,1
CHEMBL1422,1
CHEMBL1420,1
CHEMBL1437,1
CHEMBL1342,1
CHEMBL134,1
CHEMBL1339,1
CHEMBL13376,1
CHEMBL1337,1
CHEMBL13280,1
CHEMBL1324,1
CHEMBL1323,1
CHEMBL1318287,1
CHEMBL1382627,1
CHEMBL1315867,1
CHEMBL1314751,1
CHEMBL1311,1
CHEMBL131,1
CHEMBL1308,1
CHEMBL1305,1
CHEMBL1303,1
CHEMBL130,1
CHEMBL13,1
CHEMBL1316,1
CHEMBL13817,1
CHEMBL1380,1
CHEMBL1378,1
CHEMBL1377,1
CHEMBL1373,1
CHEMBL1372,1
CHEMBL1371200,1
CHEMBL1371,1
CHEMBL1370,1
CHEMBL1345,1
CHEMBL136478,1
CHEMBL1364144,1
CHEMBL1363,1
CHEMBL1360,1
CHEMBL1358,1
CHEMBL135400,1
CHEMBL135,1
CHEMBL1349,1
CHEMBL134713,1
CHEMBL134561,1
CHEMBL1367605,1
CHEMBL1201630,1
CHEMBL1201629,1
CHEMBL1201627,1
CHEMBL1201621,1
CHEMBL1201620,1
CHEMBL1201616,1
CHEMBL1201613,1
CHEMBL1201611,1
CHEMBL1201610,1
CHEMBL1237055,1
CHEMBL1201608,1
CHEMBL1201605,1
CHEMBL1201604,1
CHEMBL1201593,1
CHEMBL1201589,1
CHEMBL1201587,1
CHEMBL1201586,1
CHEMBL1201585,1
CHEMBL1201583,1
CHEMBL1201609,1
CHEMBL1201752,1
CHEMBL1201749,1
CHEMBL1201748,1
CHEMBL1201747,1
CHEMBL1201746,1
CHEMBL1201745,1
CHEMBL1201743,1
CHEMBL1201717,1
CHEMBL1201716,1
CHEMBL1201631,1
CHEMBL1201692,1
CHEMBL1201670,1
CHEMBL1201668,1
CHEMBL1201666,1
CHEMBL1201664,1
CHEMBL1201662,1
CHEMBL1201659,1
CHEMBL1201657,1
CHEMBL1201649,1
CHEMBL1201644,1
CHEMBL1201697,1
CHEMBL1201556,1
CHEMBL1201549,1
CHEMBL1201545,1
CHEMBL1201540,1
CHEMBL1201539,1
CHEMBL1201538,1
CHEMBL1201536,1
CHEMBL1201534,1
CHEMBL1201533,1
CHEMBL1201581,1
CHEMBL1201520,1
CHEMBL1201515,1
CHEMBL1201513,1
CHEMBL1201509,1
CHEMBL1201506,1
CHEMBL1201505,1
CHEMBL1201497,1
CHEMBL1201496,1
CHEMBL1201490,1
CHEMBL1201532,1
CHEMBL1201580,1
CHEMBL1201577,1
CHEMBL1201576,1
CHEMBL1201575,1
CHEMBL1201574,1
CHEMBL1201573,1
CHEMBL1201572,1
CHEMBL1201571,1
CHEMBL1201570,1
CHEMBL1201557,1
CHEMBL1201568,1
CHEMBL1201567,1
CHEMBL1201566,1
CHEMBL1201565,1
CHEMBL1201564,1
CHEMBL1201563,1
CHEMBL1201562,1
CHEMBL1201561,1
CHEMBL1201560,1
CHEMBL1201558,1
CHEMBL1201569,1
CHEMBL1229517,1
CHEMBL1229211,1
CHEMBL1229,1
CHEMBL1228,1
CHEMBL1224,1
CHEMBL1223,1
CHEMBL1222883,1
CHEMBL1221,1
CHEMBL122,1
CHEMBL1201753,1
CHEMBL1218,1
CHEMBL1215923,1
CHEMBL1215661,1
CHEMBL1215331,1
CHEMBL1215,1
CHEMBL1214827,1
CHEMBL1214598,1
CHEMBL1214124,1
CHEMBL1214,1
CHEMBL1219,1
CHEMBL1237044,1
CHEMBL1237026,1
CHEMBL1237024,1
CHEMBL1237023,1
CHEMBL1237022,1
CHEMBL1237,1
CHEMBL1236936,1
CHEMBL1236924,1
CHEMBL1236107,1
CHEMBL1230065,1
CHEMBL123292,1
CHEMBL1232583,1
CHEMBL1232461,1
CHEMBL1232,1
CHEMBL1231160,1
CHEMBL1231124,1
CHEMBL1230607,1
CHEMBL1230314,1
CHEMBL1230165,1
CHEMBL1230122,1
CHEMBL1233528,1
CHEMBL1201834,1
CHEMBL1201833,1
CHEMBL1201832,1
CHEMBL1201831,1
CHEMBL1201830,1
CHEMBL1201828,1
CHEMBL1201827,1
CHEMBL1201825,1
CHEMBL1201821,1
CHEMBL1213583,1
CHEMBL1201780,1
CHEMBL1201775,1
CHEMBL1201774,1
CHEMBL1201773,1
CHEMBL1201772,1
CHEMBL1201770,1
CHEMBL1201759,1
CHEMBL1201758,1
CHEMBL1201754,1
CHEMBL1201782,1
CHEMBL1213492,1
CHEMBL1213351,1
CHEMBL1213252,1
CHEMBL1213250,1
CHEMBL1213165,1
CHEMBL121,1
CHEMBL1209734,1
CHEMBL1208829,1
CHEMBL1208155,1
CHEMBL1201836,1
CHEMBL1207366,1
CHEMBL1206690,1
CHEMBL1206245,1
CHEMBL1206232,1
CHEMBL1206,1
CHEMBL1205,1
CHEMBL1204187,1
CHEMBL1201891,1
CHEMBL1201863,1
CHEMBL1201837,1
CHEMBL1208,1
CHEMBL1712842,1
CHEMBL1711,1
CHEMBL1709,1
CHEMBL1707,1
CHEMBL1706,1
CHEMBL1705,1
CHEMBL1702,1
CHEMBL1701,1
CHEMBL170052,1
CHEMBL1448187,1
CHEMBL1699,1
CHEMBL169896,1
CHEMBL1697737,1
CHEMBL1697725,1
CHEMBL1697708,1
CHEMBL1697,1
CHEMBL1696,1
CHEMBL1695,1
CHEMBL1694,1
CHEMBL169901,1
CHEMBL1735,1
CHEMBL1732,1
CHEMBL1731,1
CHEMBL1730601,1
CHEMBL1730,1
CHEMBL1729,1
CHEMBL1728,1
CHEMBL1727,1
CHEMBL1726,1
CHEMBL1714,1
CHEMBL1723,1
CHEMBL1720,1
CHEMBL1719,1
CHEMBL1718,1
CHEMBL1717,1
CHEMBL1716091,1
CHEMBL1716,1
CHEMBL17157,1
CHEMBL1715,1
CHEMBL1714574,1
CHEMBL1723241,1
CHEMBL1664,1
CHEMBL1660,1
CHEMBL1659,1
CHEMBL1658,1
CHEMBL1657,1
CHEMBL1655,1
CHEMBL1654,1
CHEMBL1653,1
CHEMBL1652611,1
CHEMBL1691,1
CHEMBL1652,1
CHEMBL1651956,1
CHEMBL1651534,1
CHEMBL1650818,1
CHEMBL1650595,1
CHEMBL1650559,1
CHEMBL1650443,1
CHEMBL1650,1
CHEMBL1649931,1
CHEMBL1652128,1
CHEMBL1689772,1
CHEMBL1689063,1
CHEMBL1688243,1
CHEMBL1684984,1
CHEMBL1684950,1
CHEMBL1684,1
CHEMBL1683590,1
CHEMBL1683544,1
CHEMBL1683,1
CHEMBL1667969,1
CHEMBL1678,1
CHEMBL1677,1
CHEMBL1676,1
CHEMBL1673408,1
CHEMBL1672627,1
CHEMBL1672054,1
CHEMBL1672,1
CHEMBL167150,1
CHEMBL1668019,1
CHEMBL1668,1
CHEMBL1680,1
CHEMBL1743044,1
CHEMBL1743042,1
CHEMBL1743041,1
CHEMBL1743040,1
CHEMBL1743039,1
CHEMBL1743038,1
CHEMBL1743036,1
CHEMBL1743035,1
CHEMBL1743034,1
CHEMBL17350,1
CHEMBL1743030,1
CHEMBL1743029,1
CHEMBL1743027,1
CHEMBL1743026,1
CHEMBL1743025,1
CHEMBL1743024,1
CHEMBL1743023,1
CHEMBL1743021,1
CHEMBL1743020,1
CHEMBL1743033,1
CHEMBL1743068,1
CHEMBL1743067,1
CHEMBL1743066,1
CHEMBL1743065,1
CHEMBL1743064,1
CHEMBL1743063,1
CHEMBL1743062,1
CHEMBL1743061,1
CHEMBL1743060,1
CHEMBL1743045,1
CHEMBL1743057,1
CHEMBL1743056,1
CHEMBL1743054,1
CHEMBL1743053,1
CHEMBL1743051,1
CHEMBL1743050,1
CHEMBL1743049,1
CHEMBL1743048,1
CHEMBL1743047,1
CHEMBL1743046,1
CHEMBL1743058,1
CHEMBL1742985,1
CHEMBL1742984,1
CHEMBL1742983,1
CHEMBL1742981,1
CHEMBL1742466,1
CHEMBL1742461,1
CHEMBL1742423,1
CHEMBL1742420,1
CHEMBL1742408,1
CHEMBL1743019,1
CHEMBL174,1
CHEMBL1739,1
CHEMBL1738889,1
CHEMBL1738758,1
CHEMBL1738757,1
CHEMBL1738699,1
CHEMBL1738697,1
CHEMBL1738,1
CHEMBL1737,1
CHEMBL1741,1
CHEMBL1743018,1
CHEMBL1743017,1
CHEMBL1743016,1
CHEMBL1743015,1
CHEMBL1743013,1
CHEMBL1743012,1
CHEMBL1743011,1
CHEMBL1743010,1
CHEMBL1743009,1
CHEMBL1742987,1
CHEMBL1743007,1
CHEMBL1743006,1
CHEMBL1743005,1
CHEMBL1743004,1
CHEMBL1743003,1
CHEMBL1743001,1
CHEMBL1742999,1
CHEMBL1742996,1
CHEMBL1742993,1
CHEMBL1742991,1
CHEMBL1743008,1
CHEMBL1529,1
CHEMBL1528134,1
CHEMBL1525826,1
CHEMBL1525,1
CHEMBL1523964,1
CHEMBL1522,1
CHEMBL1521,1
CHEMBL1520,1
CHEMBL152,1
CHEMBL1648,1
CHEMBL1517,1
CHEMBL1516474,1
CHEMBL1516,1
CHEMBL1515,1
CHEMBL1514,1
CHEMBL1513,1
CHEMBL1512580,1
CHEMBL1512,1
CHEMBL1511,1
CHEMBL1519,1
CHEMBL1558,1
CHEMBL1557,1
CHEMBL1555,1
CHEMBL1551724,1
CHEMBL1551,1
CHEMBL1549,1
CHEMBL1546,1
CHEMBL1544,1
CHEMBL1542,1
CHEMBL1530428,1
CHEMBL1541,1
CHEMBL1540,1
CHEMBL154,1
CHEMBL1539,1
CHEMBL1537,1
CHEMBL1536,1
CHEMBL1534525,1
CHEMBL1533,1
CHEMBL1532,1
CHEMBL1531,1
CHEMBL15413,1
CHEMBL1472989,1
CHEMBL1472,1
CHEMBL1471,1
CHEMBL1467,1
CHEMBL1466,1
CHEMBL146506,1
CHEMBL1465,1
CHEMBL1464,1
CHEMBL1463345,1
CHEMBL150894,1
CHEMBL146095,1
CHEMBL146032,1
CHEMBL1460,1
CHEMBL1457,1
CHEMBL1456,1
CHEMBL1454,1
CHEMBL1451,1
CHEMBL1450,1
CHEMBL1449,1
CHEMBL1463,1
CHEMBL1508,1
CHEMBL1504,1
CHEMBL1503,1
CHEMBL1502,1
CHEMBL1501,1
CHEMBL1497,1
CHEMBL1496,1
CHEMBL1492,1
CHEMBL1491,1
CHEMBL1473,1
CHEMBL1490,1
CHEMBL1487,1
CHEMBL148674,1
CHEMBL1486,1
CHEMBL1484,1
CHEMBL1483,1
CHEMBL1481,1
CHEMBL148,1
CHEMBL1477,1
CHEMBL1476022,1
CHEMBL149082,1
CHEMBL1617,1
CHEMBL1616951,1
CHEMBL1615779,1
CHEMBL1615438,1
CHEMBL1615369,1
CHEMBL1614707,1
CHEMBL1614702,1
CHEMBL1614652,1
CHEMBL1614650,1
CHEMBL1559,1
CHEMBL1614,1
CHEMBL1611,1
CHEMBL161,1
CHEMBL1607480,1
CHEMBL1607273,1
CHEMBL1607,1
CHEMBL160519,1
CHEMBL1605,1
CHEMBL1604,1
CHEMBL1614637,1
CHEMBL1644,1
CHEMBL1643895,1
CHEMBL1643880,1
CHEMBL1641,1
CHEMBL1639,1
CHEMBL1633,1
CHEMBL1632,1
CHEMBL1630842,1
CHEMBL1630575,1
CHEMBL1618,1
CHEMBL1628569,1
CHEMBL1628504,1
CHEMBL1628502,1
CHEMBL1628234,1
CHEMBL1626,1
CHEMBL1624,1
CHEMBL1623,1
CHEMBL1621597,1
CHEMBL1620,1
CHEMBL1619785,1
CHEMBL1628688,1
CHEMBL1580,1
CHEMBL158,1
CHEMBL15770,1
CHEMBL1577,1
CHEMBL1574,1
CHEMBL1572,1
CHEMBL157101,1
CHEMBL1571,1
CHEMBL1570,1
CHEMBL1601669,1
CHEMBL1568698,1
CHEMBL1568276,1
CHEMBL1568057,1
CHEMBL15677,1
CHEMBL1567328,1
CHEMBL1565476,1
CHEMBL1564,1
CHEMBL1563,1
CHEMBL1560,1
CHEMBL1569487,1
CHEMBL1601,1
CHEMBL160038,1
CHEMBL160,1
CHEMBL16,1
CHEMBL1599,1
CHEMBL1596,1
CHEMBL1595,1
CHEMBL159226,1
CHEMBL1592101,1
CHEMBL1581,1
CHEMBL1591365,1
CHEMBL1591,1
CHEMBL1590,1
CHEMBL159,1
CHEMBL15891,1
CHEMBL1589,1
CHEMBL15870,1
CHEMBL1587,1
CHEMBL1584,1
CHEMBL1583,1
CHEMBL1592,1
CHEMBL1200351,1
CHEMBL1200348,1
CHEMBL1200343,1
CHEMBL1200342,1
CHEMBL1200341,1
CHEMBL1200340,1
CHEMBL1200339,1
CHEMBL1200338,1
CHEMBL1200335,1
CHEMBL1201489,1
CHEMBL1200331,1
CHEMBL1200329,1
CHEMBL1200326,1
CHEMBL1200323,1
CHEMBL1200322,1
CHEMBL1200321,1
CHEMBL1200,1
CHEMBL12,1
CHEMBL1199324,1
CHEMBL1200334,1
CHEMBL1200399,1
CHEMBL1200398,1
CHEMBL1200397,1
CHEMBL1200396,1
CHEMBL1200392,1
CHEMBL1200389,1
CHEMBL1200388,1
CHEMBL1200386,1
CHEMBL1200384,1
CHEMBL1200356,1
CHEMBL1200382,1
CHEMBL1200380,1
CHEMBL1200379,1
CHEMBL1200376,1
CHEMBL1200374,1
CHEMBL1200367,1
CHEMBL1200366,1
CHEMBL1200359,1
CHEMBL1200357,1
CHEMBL1200383,1
CHEMBL1186894,1
CHEMBL1186579,1
CHEMBL1184904,1
CHEMBL1184,1
CHEMBL1183349,1
CHEMBL1182833,1
CHEMBL1181829,1
CHEMBL1181731,1
CHEMBL118,1
CHEMBL1199307,1
CHEMBL117785,1
CHEMBL1174,1
CHEMBL1173055,1
CHEMBL117287,1
CHEMBL1172,1
CHEMBL1171837,1
CHEMBL1171829,1
CHEMBL1171754,1
CHEMBL1170,1
CHEMBL1179047,1
CHEMBL1199080,1
CHEMBL1198857,1
CHEMBL1198855,1
CHEMBL1197,1
CHEMBL119625,1
CHEMBL1196,1
CHEMBL119549,1
CHEMBL1195136,1
CHEMBL1195,1
CHEMBL1187833,1
CHEMBL1194,1
CHEMBL1193948,1
CHEMBL119385,1
CHEMBL1193,1
CHEMBL1191,1
CHEMBL1190199,1
CHEMBL1190,1
CHEMBL119,1
CHEMBL1189679,1
CHEMBL1189432,1
CHEMBL1194325,1
CHEMBL1200538,1
CHEMBL1200534,1
CHEMBL1200532,1
CHEMBL1200531,1
CHEMBL1200530,1
CHEMBL1200527,1
CHEMBL1200523,1
CHEMBL1200517,1
CHEMBL1200516,1
CHEMBL1200400,1
CHEMBL1200514,1
CHEMBL1200511,1
CHEMBL1200510,1
CHEMBL1200509,1
CHEMBL1200506,1
CHEMBL1200503,1
CHEMBL1200501,1
CHEMBL1200500,1
CHEMBL1200497,1
CHEMBL1200515,1
CHEMBL1200597,1
CHEMBL1200595,1
CHEMBL1200592,1
CHEMBL1200588,1
CHEMBL1200586,1
CHEMBL1200585,1
CHEMBL1200584,1
CHEMBL1200580,1
CHEMBL1200569,1
CHEMBL1200541,1
CHEMBL1200562,1
CHEMBL1200561,1
CHEMBL1200560,1
CHEMBL1200556,1
CHEMBL1200554,1
CHEMBL1200550,1
CHEMBL1200549,1
CHEMBL1200545,1
CHEMBL1200544,1
CHEMBL1200542,1
CHEMBL1200563,1
CHEMBL1200449,1
CHEMBL1200446,1
CHEMBL1200444,1
CHEMBL1200443,1
CHEMBL1200440,1
CHEMBL1200438,1
CHEMBL1200437,1
CHEMBL1200436,1
CHEMBL1200432,1
CHEMBL1200495,1
CHEMBL1200425,1
CHEMBL1200420,1
CHEMBL1200413,1
CHEMBL1200412,1
CHEMBL1200411,1
CHEMBL1200409,1
CHEMBL1200406,1
CHEMBL1200405,1
CHEMBL1200402,1
CHEMBL1200430,1
CHEMBL1200494,1
CHEMBL1200493,1
CHEMBL1200491,1
CHEMBL1200490,1
CHEMBL1200487,1
CHEMBL1200482,1
CHEMBL1200480,1
CHEMBL1200478,1
CHEMBL1200477,1
CHEMBL1200453,1
CHEMBL1200474,1
CHEMBL1200473,1
CHEMBL1200472,1
CHEMBL1200470,1
CHEMBL1200468,1
CHEMBL1200467,1
CHEMBL1200464,1
CHEMBL1200463,1
CHEMBL1200461,1
CHEMBL1200454,1
CHEMBL1200475,1
CHEMBL1082462,1
CHEMBL1082407,1
CHEMBL1082,1
CHEMBL108,1
CHEMBL1079742,1
CHEMBL1079175,1
CHEMBL1079,1
CHEMBL1078685,1
CHEMBL1003,1
CHEMBL1169,1
CHEMBL1076903,1
CHEMBL1076263,1
CHEMBL1075,1
CHEMBL107430,1
CHEMBL107367,1
CHEMBL1073,1
CHEMBL1072,1
CHEMBL1071,1
CHEMBL1070,1
CHEMBL1077,1
CHEMBL109,1
CHEMBL1089318,1
CHEMBL1089221,1
CHEMBL1089,1
CHEMBL1088751,1
CHEMBL1088750,1
CHEMBL1087,1
CHEMBL1086997,1
CHEMBL1086218,1
CHEMBL1082607,1
CHEMBL1085,1
CHEMBL1084617,1
CHEMBL1084546,1
CHEMBL1084173,1
CHEMBL1084172,1
CHEMBL1083993,1
CHEMBL1083659,1
CHEMBL1083390,1
CHEMBL1083385,1
CHEMBL1082723,1
CHEMBL1085699,1
CHEMBL968,1
CHEMBL1077896,1
CHEMBL103,1
CHEMBL1029,1
CHEMBL1027,1
CHEMBL1026,1
CHEMBL1025,1
CHEMBL1023,1
CHEMBL1021,1
CHEMBL107,1
CHEMBL10188,1
CHEMBL1018,1
CHEMBL1017,1
CHEMBL1016,1
CHEMBL1014,1
CHEMBL1013,1
CHEMBL1010,1
CHEMBL101,1
CHEMBL1009,1
CHEMBL1020,1
CHEMBL1069,1
CHEMBL1068,1
CHEMBL1064,1
CHEMBL106,1
CHEMBL1059,1
CHEMBL1055,1
CHEMBL1054,1
CHEMBL1051,1
CHEMBL105060,1
CHEMBL959,1
CHEMBL1042,1
CHEMBL1040,1
CHEMBL104,1
CHEMBL1037,1
CHEMBL103667,1
CHEMBL1034,1
CHEMBL10316,1
CHEMBL100116,1
CHEMBL1000,1
CHEMBL1043,1
CHEMBL1007,1
CHEMBL1139,1
CHEMBL1138,1
CHEMBL1136,1
CHEMBL113461,1
CHEMBL1134,1
CHEMBL113313,1
CHEMBL1131,1
CHEMBL113051,1
CHEMBL1130,1
CHEMBL1090,1
CHEMBL1128,1
CHEMBL112797,1
CHEMBL1126,1
CHEMBL1121,1
CHEMBL1120,1
CHEMBL1117,1
CHEMBL111659,1
CHEMBL1116,1
CHEMBL1115,1
CHEMBL113,1
CHEMBL1168,1
CHEMBL1167,1
CHEMBL11662,1
CHEMBL1166,1
CHEMBL1165,1
CHEMBL1164729,1
CHEMBL1163,1
CHEMBL1162175,1
CHEMBL1162,1
CHEMBL114,1
CHEMBL116,1
CHEMBL1159717,1
CHEMBL1159650,1
CHEMBL1159,1
CHEMBL1152,1
CHEMBL115,1
CHEMBL1148,1
CHEMBL1146,1
CHEMBL114551,1
CHEMBL1144,1
CHEMBL1161,1
CHEMBL1095777,1
CHEMBL1095607,1
CHEMBL1095292,1
CHEMBL1095097,1
CHEMBL1095032,1
CHEMBL1095,1
CHEMBL1094966,1
CHEMBL109480,1
CHEMBL1094785,1
CHEMBL1111,1
CHEMBL1093,1
CHEMBL1092581,1
CHEMBL1092,1
CHEMBL1091,1
CHEMBL1090771,1
CHEMBL1090488,1
CHEMBL1090173,1
CHEMBL1090090,1
CHEMBL1090089,1
CHEMBL1094,1
CHEMBL1110,1
CHEMBL111,1
CHEMBL1109,1
CHEMBL110691,1
CHEMBL1106,1
CHEMBL110458,1
CHEMBL1104,1
CHEMBL1102,1
CHEMBL1101,1
CHEMBL1095930,1
CHEMBL109831,1
CHEMBL1098,1
CHEMBL1097279,1
CHEMBL1096979,1
CHEMBL1096896,1
CHEMBL1096885,1
CHEMBL109648,1
CHEMBL1096380,1
CHEMBL1096146,1
CHEMBL1096,1
CHEMBL1100,1
CHEMBL1201141,1
CHEMBL1201139,1
CHEMBL1201134,1
CHEMBL1201132,1
CHEMBL1201131,1
CHEMBL1201130,1
CHEMBL1201127,1
CHEMBL1201124,1
CHEMBL1201121,1
CHEMBL1200598,1
CHEMBL1201119,1
CHEMBL1201118,1
CHEMBL1201117,1
CHEMBL1201116,1
CHEMBL1201110,1
CHEMBL1201109,1
CHEMBL1201103,1
CHEMBL1201102,1
CHEMBL1201101,1
CHEMBL1201120,1
CHEMBL1201193,1
CHEMBL1201192,1
CHEMBL1201191,1
CHEMBL1201190,1
CHEMBL1201182,1
CHEMBL1201180,1
CHEMBL1201174,1
CHEMBL1201173,1
CHEMBL1201168,1
CHEMBL1201142,1
CHEMBL1201163,1
CHEMBL1201162,1
CHEMBL1201161,1
CHEMBL1201159,1
CHEMBL1201154,1
CHEMBL1201153,1
CHEMBL1201151,1
CHEMBL1201149,1
CHEMBL1201148,1
CHEMBL1201146,1
CHEMBL1201165,1
CHEMBL1201041,1
CHEMBL1201039,1
CHEMBL1201037,1
CHEMBL1201035,1
CHEMBL1201022,1
CHEMBL1201020,1
CHEMBL1201019,1
CHEMBL1201018,1
CHEMBL1201016,1
CHEMBL1201098,1
CHEMBL1201012,1
CHEMBL1201011,1
CHEMBL1201010,1
CHEMBL1201006,1
CHEMBL1201005,1
CHEMBL1201002,1
CHEMBL1200993,1
CHEMBL1200991,1
CHEMBL1200989,1
CHEMBL1201014,1
CHEMBL1201092,1
CHEMBL1201089,1
CHEMBL1201087,1
CHEMBL1201082,1
CHEMBL1201081,1
CHEMBL1201080,1
CHEMBL1201071,1
CHEMBL1201068,1
CHEMBL1201067,1
CHEMBL1201043,1
CHEMBL1201064,1
CHEMBL1201061,1
CHEMBL1201059,1
CHEMBL1201057,1
CHEMBL1201056,1
CHEMBL1201051,1
CHEMBL1201049,1
CHEMBL1201048,1
CHEMBL1201046,1
CHEMBL1201044,1
CHEMBL1201065,1
CHEMBL1201353,1
CHEMBL1201352,1
CHEMBL1201349,1
CHEMBL1201341,1
CHEMBL1201338,1
CHEMBL1201336,1
CHEMBL1201334,1
CHEMBL1201329,1
CHEMBL1201323,1
CHEMBL1201195,1
CHEMBL1201320,1
CHEMBL1201319,1
CHEMBL1201317,1
CHEMBL1201314,1
CHEMBL1201309,1
CHEMBL1201302,1
CHEMBL1201295,1
CHEMBL1201294,1
CHEMBL1201289,1
CHEMBL1201321,1
CHEMBL1201488,1
CHEMBL1201486,1
CHEMBL1201483,1
CHEMBL1201477,1
CHEMBL1201476,1
CHEMBL1201470,1
CHEMBL1201468,1
CHEMBL1201467,1
CHEMBL1201466,1
CHEMBL1201355,1
CHEMBL1201463,1
CHEMBL1201460,1
CHEMBL1201454,1
CHEMBL1201448,1
CHEMBL1201439,1
CHEMBL1201438,1
CHEMBL1201421,1
CHEMBL1201420,1
CHEMBL1201419,1
CHEMBL1201414,1
CHEMBL1201464,1
CHEMBL1201231,1
CHEMBL1201229,1
CHEMBL1201227,1
CHEMBL1201224,1
CHEMBL1201219,1
CHEMBL1201218,1
CHEMBL1201217,1
CHEMBL1201216,1
CHEMBL1201213,1
CHEMBL1201287,1
CHEMBL1201210,1
CHEMBL1201207,1
CHEMBL1201206,1
CHEMBL1201204,1
CHEMBL1201203,1
CHEMBL1201202,1
CHEMBL1201201,1
CHEMBL1201199,1
CHEMBL1201196,1
CHEMBL1201212,1
CHEMBL1201284,1
CHEMBL1201281,1
CHEMBL1201274,1
CHEMBL1201273,1
CHEMBL1201271,1
CHEMBL1201269,1
CHEMBL1201265,1
CHEMBL1201264,1
CHEMBL1201263,1
CHEMBL1201233,1
CHEMBL1201260,1
CHEMBL1201255,1
CHEMBL1201250,1
CHEMBL1201248,1
CHEMBL1201247,1
CHEMBL1201245,1
CHEMBL1201244,1
CHEMBL1201242,1
CHEMBL1201236,1
CHEMBL1201234,1
CHEMBL1201262,1
CHEMBL1200759,1
CHEMBL1200758,1
CHEMBL1200757,1
CHEMBL1200755,1
CHEMBL1200751,1
CHEMBL1200750,1
CHEMBL1200749,1
CHEMBL1200748,1
CHEMBL1200734,1
CHEMBL1200988,1
CHEMBL1200729,1
CHEMBL1200728,1
CHEMBL1200725,1
CHEMBL1200724,1
CHEMBL1200722,1
CHEMBL1200721,1
CHEMBL1200715,1
CHEMBL1200710,1
CHEMBL1200707,1
CHEMBL1200732,1
CHEMBL1200799,1
CHEMBL1200797,1
CHEMBL1200795,1
CHEMBL1200794,1
CHEMBL1200791,1
CHEMBL1200790,1
CHEMBL1200789,1
CHEMBL1200788,1
CHEMBL1200787,1
CHEMBL1200761,1
CHEMBL1200778,1
CHEMBL1200776,1
CHEMBL1200775,1
CHEMBL1200774,1
CHEMBL1200773,1
CHEMBL1200772,1
CHEMBL1200769,1
CHEMBL1200768,1
CHEMBL1200764,1
CHEMBL1200762,1
CHEMBL1200781,1
CHEMBL1200644,1
CHEMBL1200641,1
CHEMBL1200638,1
CHEMBL1200635,1
CHEMBL1200632,1
CHEMBL1200629,1
CHEMBL1200624,1
CHEMBL1200623,1
CHEMBL1200622,1
CHEMBL1200705,1
CHEMBL1200617,1
CHEMBL1200616,1
CHEMBL1200613,1
CHEMBL1200610,1
CHEMBL1200609,1
CHEMBL1200606,1
CHEMBL1200604,1
CHEMBL1200600,1
CHEMBL1200599,1
CHEMBL1200618,1
CHEMBL1200703,1
CHEMBL1200701,1
CHEMBL1200692,1
CHEMBL1200690,1
CHEMBL1200689,1
CHEMBL1200688,1
CHEMBL1200686,1
CHEMBL1200682,1
CHEMBL1200681,1
CHEMBL1200645,1
CHEMBL1200675,1
CHEMBL1200672,1
CHEMBL1200671,1
CHEMBL1200670,1
CHEMBL1200666,1
CHEMBL1200665,1
CHEMBL1200659,1
CHEMBL1200654,1
CHEMBL1200649,1
CHEMBL1200648,1
CHEMBL1200678,1
CHEMBL1200955,1
CHEMBL1200953,1
CHEMBL1200952,1
CHEMBL1200951,1
CHEMBL1200949,1
CHEMBL1200946,1
CHEMBL1200944,1
CHEMBL1200937,1
CHEMBL1200934,1
CHEMBL1200802,1
CHEMBL1200930,1
CHEMBL1200927,1
CHEMBL1200920,1
CHEMBL1200914,1
CHEMBL1200912,1
CHEMBL1200910,1
CHEMBL1200909,1
CHEMBL1200908,1
CHEMBL1200907,1
CHEMBL1200933,1
CHEMBL1200987,1
CHEMBL1200985,1
CHEMBL1200984,1
CHEMBL1200983,1
CHEMBL1200982,1
CHEMBL1200980,1
CHEMBL1200977,1
CHEMBL1200976,1
CHEMBL1200975,1
CHEMBL1200959,1
CHEMBL1200973,1
CHEMBL1200971,1
CHEMBL1200970,1
CHEMBL1200969,1
CHEMBL1200968,1
CHEMBL1200967,1
CHEMBL1200965,1
CHEMBL1200963,1
CHEMBL1200962,1
CHEMBL1200961,1
CHEMBL1200974,1
CHEMBL1200841,1
CHEMBL1200837,1
CHEMBL1200836,1
CHEMBL1200833,1
CHEMBL1200832,1
CHEMBL1200831,1
CHEMBL1200828,1
CHEMBL1200825,1
CHEMBL1200822,1
CHEMBL1200904,1
CHEMBL1200819,1
CHEMBL1200817,1
CHEMBL1200813,1
CHEMBL1200810,1
CHEMBL1200809,1
CHEMBL1200807,1
CHEMBL1200806,1
CHEMBL1200805,1
CHEMBL1200804,1
CHEMBL1200820,1
CHEMBL1200903,1
CHEMBL1200896,1
CHEMBL1200895,1
CHEMBL1200893,1
CHEMBL1200890,1
CHEMBL1200885,1
CHEMBL1200881,1
CHEMBL1200879,1
CHEMBL1200878,1
CHEMBL1200845,1
CHEMBL1200874,1
CHEMBL1200873,1
CHEMBL1200865,1
CHEMBL1200862,1
CHEMBL1200855,1
CHEMBL1200854,1
CHEMBL1200853,1
CHEMBL1200852,1
CHEMBL1200850,1
CHEMBL1200848,1
CHEMBL1200877,1
CHEMBL2133806,1
CHEMBL21333,1
CHEMBL211471,1
CHEMBL211456,1
CHEMBL2111290,1
CHEMBL2111286,1
CHEMBL2111109,1
CHEMBL2111101,1
CHEMBL2111100,1
CHEMBL1743069,1
CHEMBL2111097,1
CHEMBL2111084,1
CHEMBL2111083,1
CHEMBL2110900,1
CHEMBL2110824,1
CHEMBL2110814,1
CHEMBL2110774,1
CHEMBL2110756,1
CHEMBL2110737,1
CHEMBL2111099,1
CHEMBL2153191,1
CHEMBL2151572,1
CHEMBL2151570,1
CHEMBL2151437,1
CHEMBL2151197,1
CHEMBL214796,1
CHEMBL2147777,1
CHEMBL2146140,1
CHEMBL2146124,1
CHEMBL2134724,1
CHEMBL2146102,1
CHEMBL2146063,1
CHEMBL2145077,1
CHEMBL214268,1
CHEMBL2142592,1
CHEMBL2141712,1
CHEMBL2141296,1
CHEMBL2140408,1
CHEMBL2137148,1
CHEMBL2146123,1
CHEMBL2109636,1
CHEMBL2109634,1
CHEMBL2109630,1
CHEMBL2109625,1
CHEMBL2109624,1
CHEMBL2109623,1
CHEMBL2109622,1
CHEMBL2109619,1
CHEMBL2109616,1
CHEMBL2110731,1
CHEMBL2109610,1
CHEMBL2109608,1
CHEMBL2109607,1
CHEMBL2109606,1
CHEMBL2109604,1
CHEMBL2109602,1
CHEMBL2109600,1
CHEMBL2109598,1
CHEMBL2109593,1
CHEMBL2109615,1
CHEMBL2110725,1
CHEMBL2110659,1
CHEMBL2110618,1
CHEMBL2110588,1
CHEMBL2110585,1
CHEMBL2110580,1
CHEMBL2110579,1
CHEMBL2110572,1
CHEMBL2110372,1
CHEMBL2109637,1
CHEMBL2110367,1
CHEMBL2109678,1
CHEMBL2109677,1
CHEMBL2109667,1
CHEMBL2109665,1
CHEMBL2109664,1
CHEMBL2109653,1
CHEMBL2109649,1
CHEMBL2109643,1
CHEMBL2109642,1
CHEMBL2110368,1
CHEMBL2219776,1
CHEMBL2219774,1
CHEMBL2219773,1
CHEMBL221959,1
CHEMBL2219536,1
CHEMBL2219422,1
CHEMBL2219421,1
CHEMBL2219418,1
CHEMBL2219416,1
CHEMBL2158685,1
CHEMBL2218913,1
CHEMBL2218898,1
CHEMBL2218896,1
CHEMBL2218894,1
CHEMBL2218893,1
CHEMBL2218878,1
CHEMBL2218877,1
CHEMBL2218861,1
CHEMBL221886,1
CHEMBL2219414,1
CHEMBL23,1
CHEMBL229430,1
CHEMBL228814,1
CHEMBL227529,1
CHEMBL2263632,1
CHEMBL226267,1
CHEMBL225411,1
CHEMBL225157,1
CHEMBL225071,1
CHEMBL2220427,1
CHEMBL223402,1
CHEMBL223228,1
CHEMBL222913,1
CHEMBL222813,1
CHEMBL222645,1
CHEMBL222559,1
CHEMBL222460,1
CHEMBL22242,1
CHEMBL2221250,1
CHEMBL2220442,1
CHEMBL224436,1
CHEMBL2181753,1
CHEMBL2179529,1
CHEMBL2179105,1
CHEMBL217899,1
CHEMBL2178579,1
CHEMBL2178578,1
CHEMBL2178573,1
CHEMBL2178570,1
CHEMBL2178422,1
CHEMBL221722,1
CHEMBL2177390,1
CHEMBL21731,1
CHEMBL2170582,1
CHEMBL2165620,1
CHEMBL2165615,1
CHEMBL2165326,1
CHEMBL2165191,1
CHEMBL2160007,1
CHEMBL2159122,1
CHEMBL2178100,1
CHEMBL2216870,1
CHEMBL2216859,1
CHEMBL22108,1
CHEMBL2206292,1
CHEMBL2206196,1
CHEMBL22055,1
CHEMBL2205230,1
CHEMBL220491,1
CHEMBL2204263,1
CHEMBL2181927,1
CHEMBL22,1
CHEMBL219916,1
CHEMBL219586,1
CHEMBL219410,1
CHEMBL218490,1
CHEMBL218427,1
CHEMBL218394,1
CHEMBL218291,1
CHEMBL218227,1
CHEMBL2181929,1
CHEMBL220360,1
CHEMBL2109381,1
CHEMBL2109379,1
CHEMBL2109377,1
CHEMBL2109374,1
CHEMBL2109370,1
CHEMBL2109369,1
CHEMBL2109366,1
CHEMBL2109365,1
CHEMBL2109364,1
CHEMBL2109592,1
CHEMBL2109361,1
CHEMBL2109360,1
CHEMBL2109357,1
CHEMBL2109356,1
CHEMBL2109354,1
CHEMBL2109352,1
CHEMBL2109348,1
CHEMBL2109343,1
CHEMBL2109342,1
CHEMBL2109363,1
CHEMBL2109438,1
CHEMBL2109437,1
CHEMBL2109435,1
CHEMBL2109433,1
CHEMBL2109430,1
CHEMBL2109428,1
CHEMBL2109427,1
CHEMBL2109413,1
CHEMBL2109412,1
CHEMBL2109382,1
CHEMBL2109408,1
CHEMBL2109406,1
CHEMBL2109401,1
CHEMBL2109398,1
CHEMBL2109396,1
CHEMBL2109390,1
CHEMBL2109388,1
CHEMBL2109387,1
CHEMBL2109385,1
CHEMBL2109384,1
CHEMBL2109410,1
CHEMBL2109298,1
CHEMBL2109295,1
CHEMBL2109293,1
CHEMBL2109284,1
CHEMBL2109283,1
CHEMBL2109268,1
CHEMBL2109267,1
CHEMBL2109265,1
CHEMBL2109263,1
CHEMBL2109341,1
CHEMBL2109257,1
CHEMBL2109256,1
CHEMBL2109255,1
CHEMBL2109253,1
CHEMBL2109250,1
CHEMBL2109249,1
CHEMBL2109248,1
CHEMBL2109247,1
CHEMBL2109229,1
CHEMBL2109259,1
CHEMBL2109338,1
CHEMBL2109337,1
CHEMBL2109334,1
CHEMBL2109332,1
CHEMBL2109330,1
CHEMBL2109328,1
CHEMBL2109327,1
CHEMBL2109326,1
CHEMBL2109323,1
CHEMBL2109300,1
CHEMBL2109321,1
CHEMBL2109314,1
CHEMBL2109312,1
CHEMBL2109310,1
CHEMBL2109309,1
CHEMBL2109308,1
CHEMBL2109307,1
CHEMBL2109306,1
CHEMBL2109304,1
CHEMBL2109303,1
CHEMBL2109322,1
CHEMBL2109544,1
CHEMBL2109540,1
CHEMBL2109539,1
CHEMBL2109536,1
CHEMBL2109534,1
CHEMBL2109531,1
CHEMBL2109530,1
CHEMBL2109529,1
CHEMBL2109528,1
CHEMBL2109440,1
CHEMBL2109526,1
CHEMBL2109523,1
CHEMBL2109522,1
CHEMBL2109520,1
CHEMBL2109519,1
CHEMBL2109516,1
CHEMBL2109513,1
CHEMBL2109512,1
CHEMBL2109511,1
CHEMBL2109527,1
CHEMBL2109591,1
CHEMBL2109590,1
CHEMBL2109589,1
CHEMBL2109587,1
CHEMBL2109585,1
CHEMBL2109584,1
CHEMBL2109583,1
CHEMBL2109582,1
CHEMBL2109572,1
CHEMBL2109545,1
CHEMBL2109568,1
CHEMBL2109567,1
CHEMBL2109566,1
CHEMBL2109564,1
CHEMBL2109562,1
CHEMBL2109559,1
CHEMBL2109555,1
CHEMBL2109553,1
CHEMBL2109552,1
CHEMBL2109548,1
CHEMBL2109571,1
CHEMBL2109468,1
CHEMBL2109467,1
CHEMBL2109465,1
CHEMBL2109464,1
CHEMBL2109460,1
CHEMBL2109459,1
CHEMBL2109458,1
CHEMBL2109457,1
CHEMBL2109456,1
CHEMBL2109509,1
CHEMBL2109452,1
CHEMBL2109450,1
CHEMBL2109449,1
CHEMBL2109447,1
CHEMBL2109446,1
CHEMBL2109445,1
CHEMBL2109444,1
CHEMBL2109443,1
CHEMBL2109442,1
CHEMBL2109455,1
CHEMBL2109508,1
CHEMBL2109503,1
CHEMBL2109496,1
CHEMBL2109495,1
CHEMBL2109494,1
CHEMBL2109492,1
CHEMBL2109491,1
CHEMBL2109488,1
CHEMBL2109487,1
CHEMBL2109469,1
CHEMBL2109485,1
CHEMBL2109482,1
CHEMBL2109481,1
CHEMBL2109480,1
CHEMBL2109479,1
CHEMBL2109478,1
CHEMBL2109477,1
CHEMBL2109475,1
CHEMBL2109474,1
CHEMBL2109470,1
CHEMBL2109486,1
CHEMBL306280,1
CHEMBL305660,1
CHEMBL304087,1
CHEMBL3040440,1
CHEMBL303960,1
CHEMBL3039598,1
CHEMBL3039596,1
CHEMBL3039558,1
CHEMBL3039556,1
CHEMBL230158,1
CHEMBL3039547,1
CHEMBL3039545,1
CHEMBL3039544,1
CHEMBL3039543,1
CHEMBL3039540,1
CHEMBL3039539,1
CHEMBL3039538,1
CHEMBL3039531,1
CHEMBL3039530,1
CHEMBL3039553,1
CHEMBL3127326,1
CHEMBL3125702,1
CHEMBL312448,1
CHEMBL312443,1
CHEMBL3121849,1
CHEMBL3121539,1
CHEMBL3120215,1
CHEMBL3114577,1
CHEMBL3113974,1
CHEMBL306700,1
CHEMBL3112866,1
CHEMBL3109802,1
CHEMBL3099695,1
CHEMBL3092650,1
CHEMBL308954,1
CHEMBL3087515,1
CHEMBL3085436,1
CHEMBL308148,1
CHEMBL307429,1
CHEMBL306823,1
CHEMBL3113734,1
CHEMBL298817,1
CHEMBL298734,1
CHEMBL298406,1
CHEMBL298019,1
CHEMBL297884,1
CHEMBL297302,1
CHEMBL296913,1
CHEMBL296419,1
CHEMBL29609,1
CHEMBL3039529,1
CHEMBL294029,1
CHEMBL292376,1
CHEMBL291657,1
CHEMBL290194,1
CHEMBL29,1
CHEMBL289480,1
CHEMBL289469,1
CHEMBL289351,1
CHEMBL289228,1
CHEMBL294199,1
CHEMBL3039526,1
CHEMBL3039522,1
CHEMBL3039521,1
CHEMBL3039520,1
CHEMBL3039519,1
CHEMBL3039517,1
CHEMBL3039515,1
CHEMBL3039514,1
CHEMBL3039513,1
CHEMBL3,1
CHEMBL3039509,1
CHEMBL3039508,1
CHEMBL3039503,1
CHEMBL3039498,1
CHEMBL30219,1
CHEMBL301829,1
CHEMBL301742,1
CHEMBL301265,1
CHEMBL300138,1
CHEMBL30,1
CHEMBL3039511,1
CHEMBL3187246,1
CHEMBL3186993,1
CHEMBL3186534,1
CHEMBL3186492,1
CHEMBL3186011,1
CHEMBL3185958,1
CHEMBL3184799,1
CHEMBL3184791,1
CHEMBL3184512,1
CHEMBL3128043,1
CHEMBL3184143,1
CHEMBL3183453,1
CHEMBL3183409,1
CHEMBL3183193,1
CHEMBL3183075,1
CHEMBL3182733,1
CHEMBL3182343,1
CHEMBL3181947,1
CHEMBL3181841,1
CHEMBL3184437,1
CHEMBL324547,1
CHEMBL3244648,1
CHEMBL3237547,1
CHEMBL3235279,1
CHEMBL3234681,1
CHEMBL3234237,1
CHEMBL3234035,1
CHEMBL322241,1
CHEMBL3221237,1
CHEMBL3187503,1
CHEMBL3219124,1
CHEMBL320775,1
CHEMBL319144,1
CHEMBL3189072,1
CHEMBL3188576,1
CHEMBL3188551,1
CHEMBL3188386,1
CHEMBL3188267,1
CHEMBL3188034,1
CHEMBL3187985,1
CHEMBL3219616,1
CHEMBL3137343,1
CHEMBL3137336,1
CHEMBL3137333,1
CHEMBL3137332,1
CHEMBL3137330,1
CHEMBL3137326,1
CHEMBL3137321,1
CHEMBL3137317,1
CHEMBL3137316,1
CHEMBL3181832,1
CHEMBL3137313,1
CHEMBL3137312,1
CHEMBL3137310,1
CHEMBL3137309,1
CHEMBL3137308,1
CHEMBL3137304,1
CHEMBL3137301,1
CHEMBL3133037,1
CHEMBL313006,1
CHEMBL3137314,1
CHEMBL317094,1
CHEMBL317052,1
CHEMBL316561,1
CHEMBL315985,1
CHEMBL315838,1
CHEMBL315795,1
CHEMBL314854,1
CHEMBL314691,1
CHEMBL314437,1
CHEMBL3137347,1
CHEMBL313971,1
CHEMBL3139186,1
CHEMBL3137691,1
CHEMBL3137358,1
CHEMBL3137354,1
CHEMBL3137353,1
CHEMBL3137352,1
CHEMBL3137351,1
CHEMBL3137350,1
CHEMBL3137349,1
CHEMBL3140361,1
CHEMBL236593,1
CHEMBL2365665,1
CHEMBL2364659,1
CHEMBL2364655,1
CHEMBL2364653,1
CHEMBL2364651,1
CHEMBL2364649,1
CHEMBL2364648,1
CHEMBL2364639,1
CHEMBL288149,1
CHEMBL2364637,1
CHEMBL2364629,1
CHEMBL2364628,1
CHEMBL2364626,1
CHEMBL2364624,1
CHEMBL2364623,1
CHEMBL2364619,1
CHEMBL2364618,1
CHEMBL2364617,1
CHEMBL2364638,1
CHEMBL2403238,1
CHEMBL2402904,1
CHEMBL2402737,1
CHEMBL24,1
CHEMBL2397450,1
CHEMBL2396661,1
CHEMBL2393130,1
CHEMBL2392545,1
CHEMBL238804,1
CHEMBL2365940,1
CHEMBL2387080,1
CHEMBL2386889,1
CHEMBL2386081,1
CHEMBL238465,1
CHEMBL2381848,1
CHEMBL237500,1
CHEMBL2374220,1
CHEMBL2369989,1
CHEMBL2368925,1
CHEMBL2368924,1
CHEMBL2387408,1
CHEMBL2346738,1
CHEMBL2338329,1
CHEMBL2336325,1
CHEMBL2336071,1
CHEMBL2331680,1
CHEMBL232943,1
CHEMBL23293,1
CHEMBL2325741,1
CHEMBL2325014,1
CHEMBL2364614,1
CHEMBL232201,1
CHEMBL231813,1
CHEMBL231779,1
CHEMBL2316582,1
CHEMBL231616,1
CHEMBL2308782,1
CHEMBL2304041,1
CHEMBL2303621,1
CHEMBL2303613,1
CHEMBL232202,1
CHEMBL2364612,1
CHEMBL2364611,1
CHEMBL2364609,1
CHEMBL2364608,1
CHEMBL236297,1
CHEMBL2362410,1
CHEMBL2360841,1
CHEMBL2360580,1
CHEMBL2360079,1
CHEMBL2346976,1
CHEMBL2357192,1
CHEMBL235668,1
CHEMBL2356097,1
CHEMBL2356023,1
CHEMBL2355456,1
CHEMBL2355333,1
CHEMBL2355051,1
CHEMBL235191,1
CHEMBL2347704,1
CHEMBL2347655,1
CHEMBL2359670,1
CHEMBL277474,1
CHEMBL277100,1
CHEMBL277062,1
CHEMBL276568,1
CHEMBL276520,1
CHEMBL274070,1
CHEMBL273575,1
CHEMBL271227,1
CHEMBL271220,1
CHEMBL2403318,1
CHEMBL269864,1
CHEMBL269732,1
CHEMBL268869,1
CHEMBL267936,1
CHEMBL267495,1
CHEMBL267431,1
CHEMBL266497,1
CHEMBL266125,1
CHEMBL265502,1
CHEMBL270190,1
CHEMBL286738,1
CHEMBL285674,1
CHEMBL284838,1
CHEMBL284483,1
CHEMBL284348,1
CHEMBL284121,1
CHEMBL284092,1
CHEMBL283120,1
CHEMBL282724,1
CHEMBL27759,1
CHEMBL282052,1
CHEMBL282042,1
CHEMBL281872,1
CHEMBL280527,1
CHEMBL279260,1
CHEMBL278703,1
CHEMBL278623,1
CHEMBL278462,1
CHEMBL278398,1
CHEMBL278020,1
CHEMBL28218,1
CHEMBL253969,1
CHEMBL1008,1
CHEMBL25263,1
CHEMBL252164,1
CHEMBL250270,1
CHEMBL25,1
CHEMBL249856,1
CHEMBL249837,1
CHEMBL248702,1
CHEMBL264374,1
CHEMBL24778,1
CHEMBL245030,1
CHEMBL2448613,1
CHEMBL2443262,1
CHEMBL2442750,1
CHEMBL244243,1
CHEMBL2424780,1
CHEMBL240624,1
CHEMBL240597,1
CHEMBL247951,1
CHEMBL264241,1
CHEMBL262747,1
CHEMBL262075,1
CHEMBL261772,1
CHEMBL261244,1
CHEMBL260933,1
CHEMBL260538,1
CHEMBL26,1
CHEMBL259972,1
CHEMBL254219,1
CHEMBL259084,1
CHEMBL258940,1
CHEMBL258805,1
CHEMBL258734,1
CHEMBL257978,1
CHEMBL257704,1
CHEMBL256997,1
CHEMBL256907,1
CHEMBL256147,1
CHEMBL254316,1
CHEMBL259571,1
CHEMBL207538,1
CHEMBL2074972,1
CHEMBL207433,1
CHEMBL207197,1
CHEMBL2070241,1
CHEMBL2068839,1
CHEMBL20684,1
CHEMBL206468,1
CHEMBL2064032,1
CHEMBL2109205,1
CHEMBL2063090,1
CHEMBL2062774,1
CHEMBL206253,1
CHEMBL2062335,1
CHEMBL2062266,1
CHEMBL2062264,1
CHEMBL2062262,1
CHEMBL2062154,1
CHEMBL206031,1
CHEMBL2063705,1
CHEMBL2103736,1
CHEMBL2103735,1
CHEMBL21,1
CHEMBL209821,1
CHEMBL2097081,1
CHEMBL2096895,1
CHEMBL2096646,1
CHEMBL2096642,1
CHEMBL2096631,1
CHEMBL2079130,1
CHEMBL2095211,1
CHEMBL2095208,1
CHEMBL2095206,1
CHEMBL20883,1
CHEMBL2087361,1
CHEMBL2087337,1
CHEMBL208427,1
CHEMBL2079793,1
CHEMBL2079587,1
CHEMBL2095212,1
CHEMBL2028661,1
CHEMBL2027925,1
CHEMBL2023898,1
CHEMBL2021430,1
CHEMBL201960,1
CHEMBL2019090,1
CHEMBL2018096,1
CHEMBL2017974,1
CHEMBL2017179,1
CHEMBL2048484,1
CHEMBL2013174,1
CHEMBL2010601,1
CHEMBL2007641,1
CHEMBL2001019,1
CHEMBL2,1
CHEMBL198877,1
CHEMBL198362,1
CHEMBL1981592,1
CHEMBL197672,1
CHEMBL2016681,1
CHEMBL2048028,1
CHEMBL204656,1
CHEMBL2043437,1
CHEMBL2043025,1
CHEMBL204240,1
CHEMBL2041933,1
CHEMBL2040682,1
CHEMBL204021,1
CHEMBL2037511,1
CHEMBL2028663,1
CHEMBL2035874,1
CHEMBL203567,1
CHEMBL203321,1
CHEMBL2031465,1
CHEMBL203125,1
CHEMBL2029422,1
CHEMBL2028987,1
CHEMBL2028852,1
CHEMBL2028850,1
CHEMBL2028665,1
CHEMBL2036958,1
CHEMBL2104745,1
CHEMBL2104449,1
CHEMBL2104419,1
CHEMBL2104391,1
CHEMBL2104386,1
CHEMBL2104262,1
CHEMBL2103991,1
CHEMBL2103884,1
CHEMBL2103883,1
CHEMBL2103739,1
CHEMBL2103881,1
CHEMBL2103880,1
CHEMBL2103879,1
CHEMBL2103878,1
CHEMBL2103877,1
CHEMBL2103876,1
CHEMBL2103874,1
CHEMBL2103873,1
CHEMBL2103872,1
CHEMBL2103882,1
CHEMBL2105613,1
CHEMBL2105581,1
CHEMBL2105527,1
CHEMBL2105467,1
CHEMBL2105458,1
CHEMBL2105395,1
CHEMBL2105160,1
CHEMBL2105107,1
CHEMBL2104992,1
CHEMBL2104753,1
CHEMBL2104984,1
CHEMBL2104981,1
CHEMBL2104975,1
CHEMBL2104969,1
CHEMBL2104964,1
CHEMBL2104955,1
CHEMBL2104927,1
CHEMBL2104864,1
CHEMBL2104793,1
CHEMBL2104765,1
CHEMBL2104987,1
CHEMBL2103826,1
CHEMBL2103822,1
CHEMBL2103815,1
CHEMBL2103810,1
CHEMBL2103802,1
CHEMBL2103799,1
CHEMBL2103796,1
CHEMBL2103795,1
CHEMBL2103794,1
CHEMBL2103870,1
CHEMBL2103792,1
CHEMBL2103791,1
CHEMBL2103784,1
CHEMBL2103778,1
CHEMBL2103772,1
CHEMBL2103761,1
CHEMBL2103744,1
CHEMBL2103743,1
CHEMBL2103741,1
CHEMBL2103793,1
CHEMBL2103867,1
CHEMBL2103863,1
CHEMBL2103862,1
CHEMBL2103858,1
CHEMBL2103857,1
CHEMBL2103856,1
CHEMBL2103855,1
CHEMBL2103854,1
CHEMBL2103852,1
CHEMBL2103827,1
CHEMBL2103847,1
CHEMBL2103846,1
CHEMBL2103839,1
CHEMBL2103838,1
CHEMBL2103837,1
CHEMBL2103836,1
CHEMBL2103834,1
CHEMBL2103831,1
CHEMBL2103830,1
CHEMBL2103828,1
CHEMBL2103849,1
CHEMBL1800807,1
CHEMBL1800159,1
CHEMBL18,1
CHEMBL17976,1
CHEMBL1795072,1
CHEMBL1790041,1
CHEMBL1789844,1
CHEMBL1789843,1
CHEMBL1789842,1
CHEMBL197669,1
CHEMBL17879,1
CHEMBL17860,1
CHEMBL178,1
CHEMBL1779710,1
CHEMBL1779046,1
CHEMBL1774080,1
CHEMBL1773683,1
CHEMBL1773,1
CHEMBL1771,1
CHEMBL1788132,1
CHEMBL184,1
CHEMBL1835207,1
CHEMBL1834657,1
CHEMBL1829433,1
CHEMBL1829335,1
CHEMBL1829174,1
CHEMBL1823872,1
CHEMBL1823817,1
CHEMBL1823681,1
CHEMBL1800955,1
CHEMBL182066,1
CHEMBL182,1
CHEMBL1819077,1
CHEMBL1817709,1
CHEMBL18144,1
CHEMBL1812161,1
CHEMBL18116,1
CHEMBL1808388,1
CHEMBL1801204,1
CHEMBL180101,1
CHEMBL1822792,1
CHEMBL1744447,1
CHEMBL1743260,1
CHEMBL1743089,1
CHEMBL1743088,1
CHEMBL1743087,1
CHEMBL1743086,1
CHEMBL1743085,1
CHEMBL1743083,1
CHEMBL1743081,1
CHEMBL1770916,1
CHEMBL1743079,1
CHEMBL1743078,1
CHEMBL1743077,1
CHEMBL1743076,1
CHEMBL1743075,1
CHEMBL1743073,1
CHEMBL1743072,1
CHEMBL1743071,1
CHEMBL1743070,1
CHEMBL1743080,1
CHEMBL1770248,1
CHEMBL1770,1
CHEMBL177,1
CHEMBL1769,1
CHEMBL1767407,1
CHEMBL1766582,1
CHEMBL1766,1
CHEMBL1764,1
CHEMBL1763,1
CHEMBL1747,1
CHEMBL1761322,1
CHEMBL1761,1
CHEMBL1760,1
CHEMBL176,1
CHEMBL1757,1
CHEMBL175691,1
CHEMBL1756,1
CHEMBL1753,1
CHEMBL1751,1
CHEMBL175,1
CHEMBL1762,1
CHEMBL1950553,1
CHEMBL1946618,1
CHEMBL194378,1
CHEMBL1940832,1
CHEMBL1938400,1
CHEMBL193482,1
CHEMBL1933350,1
CHEMBL1933349,1
CHEMBL193240,1
CHEMBL18442,1
CHEMBL19299,1
CHEMBL192986,1
CHEMBL1929396,1
CHEMBL1928262,1
CHEMBL19236,1
CHEMBL1923502,1
CHEMBL1922673,1
CHEMBL1922660,1
CHEMBL1922235,1
CHEMBL193,1
CHEMBL1976040,1
CHEMBL197194,1
CHEMBL1969664,1
CHEMBL1967878,1
CHEMBL1963684,1
CHEMBL1963683,1
CHEMBL1963681,1
CHEMBL1963502,1
CHEMBL1963249,1
CHEMBL1950554,1
CHEMBL1956820,1
CHEMBL1956285,1
CHEMBL1952329,1
CHEMBL1951914,1
CHEMBL1951143,1
CHEMBL1951095,1
CHEMBL1951071,1
CHEMBL1950651,1
CHEMBL1950649,1
CHEMBL1950576,1
CHEMBL1957287,1
CHEMBL190083,1
CHEMBL1900528,1
CHEMBL189676,1
CHEMBL189171,1
CHEMBL18901,1
CHEMBL189,1
CHEMBL188952,1
CHEMBL1889140,1
CHEMBL1887891,1
CHEMBL1921976,1
CHEMBL188185,1
CHEMBL187927,1
CHEMBL187709,1
CHEMBL1873475,1
CHEMBL186,1
CHEMBL1852688,1
CHEMBL185073,1
CHEMBL185,1
CHEMBL184999,1
CHEMBL188462,1
CHEMBL1921904,1
CHEMBL1921847,1
CHEMBL192,1
CHEMBL1915540,1
CHEMBL1914489,1
CHEMBL1911882,1
CHEMBL1910936,1
CHEMBL191083,1
CHEMBL191,1
CHEMBL19019,1
CHEMBL1909285,1
CHEMBL1909283,1
CHEMBL1908394,1
CHEMBL1908376,1
CHEMBL1908373,1
CHEMBL1908360,1
CHEMBL1908318,1
CHEMBL1908305,1
CHEMBL190461,1
CHEMBL190412,1
CHEMBL1909286,1
CHEMBL2108492,1
CHEMBL2108489,1
CHEMBL2108481,1
CHEMBL2108475,1
CHEMBL2108474,1
CHEMBL2108470,1
CHEMBL2108459,1
CHEMBL2108431,1
CHEMBL2108429,1
CHEMBL2105629,1
CHEMBL2108413,1
CHEMBL2108407,1
CHEMBL2108404,1
CHEMBL2108403,1
CHEMBL2108401,1
CHEMBL2108380,1
CHEMBL2108375,1
CHEMBL2108370,1
CHEMBL2108361,1
CHEMBL2108426,1
CHEMBL2108616,1
CHEMBL2108612,1
CHEMBL2108611,1
CHEMBL2108593,1
CHEMBL2108592,1
CHEMBL2108591,1
CHEMBL2108589,1
CHEMBL2108585,1
CHEMBL2108576,1
CHEMBL2108493,1
CHEMBL2108572,1
CHEMBL2108570,1
CHEMBL2108569,1
CHEMBL2108567,1
CHEMBL2108566,1
CHEMBL2108557,1
CHEMBL2108512,1
CHEMBL2108508,1
CHEMBL2108501,1
CHEMBL2108499,1
CHEMBL2108575,1
CHEMBL2108305,1
CHEMBL2108296,1
CHEMBL2108292,1
CHEMBL2108290,1
CHEMBL2108287,1
CHEMBL2108286,1
CHEMBL2108285,1
CHEMBL2108282,1
CHEMBL2108280,1
CHEMBL2108360,1
CHEMBL2108266,1
CHEMBL2108258,1
CHEMBL2108253,1
CHEMBL2108252,1
CHEMBL2108250,1
CHEMBL2108248,1
CHEMBL2108228,1
CHEMBL2108222,1
CHEMBL2108208,1
CHEMBL2108278,1
CHEMBL2108359,1
CHEMBL2108357,1
CHEMBL2108356,1
CHEMBL2108354,1
CHEMBL2108350,1
CHEMBL2108348,1
CHEMBL2108345,1
CHEMBL2108342,1
CHEMBL2108341,1
CHEMBL2108309,1
CHEMBL2108336,1
CHEMBL2108334,1
CHEMBL2108332,1
CHEMBL2108328,1
CHEMBL2108326,1
CHEMBL2108324,1
CHEMBL2108319,1
CHEMBL2108318,1
CHEMBL2108316,1
CHEMBL2108312,1
CHEMBL2108339,1
CHEMBL2109036,1
CHEMBL2108986,1
CHEMBL2108985,1
CHEMBL2108974,1
CHEMBL2108973,1
CHEMBL2108968,1
CHEMBL2108967,1
CHEMBL2108966,1
CHEMBL2108964,1
CHEMBL2108621,1
CHEMBL2108895,1
CHEMBL2108893,1
CHEMBL2108887,1
CHEMBL2108882,1
CHEMBL2108881,1
CHEMBL2108818,1
CHEMBL2108817,1
CHEMBL2108811,1
CHEMBL2108806,1
CHEMBL2108955,1
CHEMBL2109204,1
CHEMBL2109193,1
CHEMBL2109191,1
CHEMBL2109177,1
CHEMBL2109151,1
CHEMBL2109150,1
CHEMBL2109138,1
CHEMBL2109137,1
CHEMBL2109128,1
CHEMBL2109046,1
CHEMBL2109103,1
CHEMBL2109101,1
CHEMBL2109095,1
CHEMBL2109093,1
CHEMBL2109092,1
CHEMBL2109090,1
CHEMBL2109084,1
CHEMBL2109072,1
CHEMBL2109058,1
CHEMBL2109047,1
CHEMBL2109124,1
CHEMBL2108702,1
CHEMBL2108683,1
CHEMBL2108681,1
CHEMBL2108680,1
CHEMBL2108679,1
CHEMBL2108678,1
CHEMBL2108677,1
CHEMBL2108675,1
CHEMBL2108674,1
CHEMBL2108791,1
CHEMBL2108671,1
CHEMBL2108670,1
CHEMBL2108669,1
CHEMBL2108667,1
CHEMBL2108666,1
CHEMBL2108660,1
CHEMBL2108658,1
CHEMBL2108638,1
CHEMBL2108628,1
CHEMBL2108673,1
CHEMBL2108784,1
CHEMBL2108767,1
CHEMBL2108766,1
CHEMBL2108752,1
CHEMBL2108747,1
CHEMBL2108742,1
CHEMBL2108739,1
CHEMBL2108738,1
CHEMBL2108735,1
CHEMBL2108705,1
CHEMBL2108730,1
CHEMBL2108724,1
CHEMBL2108723,1
CHEMBL2108720,1
CHEMBL2108718,1
CHEMBL2108713,1
CHEMBL2108712,1
CHEMBL2108709,1
CHEMBL2108708,1
CHEMBL2108707,1
CHEMBL2108734,1
CHEMBL2106643,1
CHEMBL2106615,1
CHEMBL2106499,1
CHEMBL2106483,1
CHEMBL2106419,1
CHEMBL2106370,1
CHEMBL2106309,1
CHEMBL2106227,1
CHEMBL2106195,1
CHEMBL2108187,1
CHEMBL2106068,1
CHEMBL2106003,1
CHEMBL2105890,1
CHEMBL2105872,1
CHEMBL2105864,1
CHEMBL2105857,1
CHEMBL2105842,1
CHEMBL2105804,1
CHEMBL2105763,1
CHEMBL2106155,1
CHEMBL2107386,1
CHEMBL2107384,1
CHEMBL2107371,1
CHEMBL2107361,1
CHEMBL2107355,1
CHEMBL2107354,1
CHEMBL2107353,1
CHEMBL2107349,1
CHEMBL2107342,1
CHEMBL2106710,1
CHEMBL2107333,1
CHEMBL2107328,1
CHEMBL2107312,1
CHEMBL2107308,1
CHEMBL2107253,1
CHEMBL2107186,1
CHEMBL2107067,1
CHEMBL2107016,1
CHEMBL2106988,1
CHEMBL2106829,1
CHEMBL2107341,1
CHEMBL2105695,1
CHEMBL2105694,1
CHEMBL2105692,1
CHEMBL2105689,1
CHEMBL2105684,1
CHEMBL2105683,1
CHEMBL2105682,1
CHEMBL2105680,1
CHEMBL2105675,1
CHEMBL2105762,1
CHEMBL2105669,1
CHEMBL2105667,1
CHEMBL2105664,1
CHEMBL2105662,1
CHEMBL2105661,1
CHEMBL2105658,1
CHEMBL2105648,1
CHEMBL2105646,1
CHEMBL2105643,1
CHEMBL2105671,1
CHEMBL2105758,1
CHEMBL2105755,1
CHEMBL2105754,1
CHEMBL2105750,1
CHEMBL2105748,1
CHEMBL2105747,1
CHEMBL2105743,1
CHEMBL2105740,1
CHEMBL2105739,1
CHEMBL2105700,1
CHEMBL2105735,1
CHEMBL2105729,1
CHEMBL2105722,1
CHEMBL2105720,1
CHEMBL2105711,1
CHEMBL2105710,1
CHEMBL2105709,1
CHEMBL2105708,1
CHEMBL2105705,1
CHEMBL2105704,1
CHEMBL2105737,1
CHEMBL2108041,1
CHEMBL2108040,1
CHEMBL2108038,1
CHEMBL2108035,1
CHEMBL2108034,1
CHEMBL2108030,1
CHEMBL2108027,1
CHEMBL2108025,1
CHEMBL2108018,1
CHEMBL2107486,1
CHEMBL2107917,1
CHEMBL2107911,1
CHEMBL2107888,1
CHEMBL2107885,1
CHEMBL2107884,1
CHEMBL2107881,1
CHEMBL2107880,1
CHEMBL2107877,1
CHEMBL2107874,1
CHEMBL2107979,1
CHEMBL2108185,1
CHEMBL2108175,1
CHEMBL2108167,1
CHEMBL2108162,1
CHEMBL2108151,1
CHEMBL2108147,1
CHEMBL2108144,1
CHEMBL2108131,1
CHEMBL2108119,1
CHEMBL2108045,1
CHEMBL2108080,1
CHEMBL2108078,1
CHEMBL2108072,1
CHEMBL2108063,1
CHEMBL2108061,1
CHEMBL2108058,1
CHEMBL2108057,1
CHEMBL2108055,1
CHEMBL2108054,1
CHEMBL2108051,1
CHEMBL2108081,1
CHEMBL2107822,1
CHEMBL2107821,1
CHEMBL2107819,1
CHEMBL2107818,1
CHEMBL2107817,1
CHEMBL2107815,1
CHEMBL2107801,1
CHEMBL2107797,1
CHEMBL2107786,1
CHEMBL2107873,1
CHEMBL2107777,1
CHEMBL2107773,1
CHEMBL2107760,1
CHEMBL2107759,1
CHEMBL2107729,1
CHEMBL2107725,1
CHEMBL2107723,1
CHEMBL2107572,1
CHEMBL2107495,1
CHEMBL2107779,1
CHEMBL2107872,1
CHEMBL2107870,1
CHEMBL2107869,1
CHEMBL2107866,1
CHEMBL2107863,1
CHEMBL2107862,1
CHEMBL2107861,1
CHEMBL2107860,1
CHEMBL2107859,1
CHEMBL2107823,1
CHEMBL2107856,1
CHEMBL2107844,1
CHEMBL2107842,1
CHEMBL2107841,1
CHEMBL2107834,1
CHEMBL2107831,1
CHEMBL2107830,1
CHEMBL2107829,1
CHEMBL2107826,1
CHEMBL2107825,1
CHEMBL2107857,1
