,rs1000,rs1001,rs1002,rs1003,rs1004,rs1005,rs1006,rs1007,rs1008,rs1009,rs1010,rs1011,rs1012,rs1013,rs1014,rs1015,rs1016,rs1017,rs1018,rs1019,GENE_00,GENE_01,GENE_02,GENE_03,GENE_04,GENE_05,GENE_06,GENE_07,GENE_08,GENE_09,GENE_10,GENE_11,GENE_12,GENE_13,GENE_14,GENE_15,GENE_16,GENE_17,GENE_18,GENE_19,GENE_20,GENE_21,GENE_22,GENE_23,GENE_24,GENE_25,GENE_26,GENE_27,GENE_28,GENE_29
Sample_01,1.3431298444348785,-1.2194816546399665,1.2834633421464967,1.6136662679602292,-0.9545454545454545,-1.25,1.194219551654026,-0.1005037815259213,1.4895001107711452,1.155793487548094,0.9748099204492218,1.4999999999999998,-1.1023565092191008,1.197282234964769,0.22721188130407302,-1.1913667943625412,-0.025408222923375655,0.0,-0.07189883760491125,0.0,1.4658596797668075,-1.148301281552825,1.0518035223186013,1.9244875783263897,-1.010560326338513,-1.1760197967156452,-0.5102014088605342,0.7592090701862694,0.5048337486550668,-1.5178747558128034,0.3541386928798498,0.5859455043270058,-1.7965222457443821,0.4921502086277561,-0.9137044594016395,0.6946813705820842,-1.0707525400904916,-1.7003186906401335,-1.2531582404592632,0.08059870049100758,0.14150349616053215,-1.3101589449324857,0.5538186871425561,-1.4582544702203941,-0.15999426674228306,-1.4140588501093752,-0.9724490523243158,0.09512186147776723,-0.8502816123131275,-0.5299597574506832
Sample_02,-1.0132383036964872,-1.2194816546399665,-0.08192319205190411,0.29098899914036913,-0.9545454545454545,-1.25,-1.1023565092191008,1.155793487548094,1.4895001107711452,1.155793487548094,-0.21398266546446323,1.4999999999999998,0.04593152121746257,-0.07642227031690021,1.4895001107711452,0.1624591083221647,1.2450029232454058,1.2126781251816647,-1.2702127976867645,1.1785113019775793,-0.655562345605237,-1.169158447294295,0.1309679841286231,0.42902814702361997,-0.9243983447518785,1.1987727079199473,-2.5528265272406325,-0.6215572639021263,0.5848660299114968,-0.6754558499859534,0.6486110445042707,-0.7233261094498132,0.07114113704843712,-0.17845003814552526,0.9844685944347088,0.40254962024295493,0.10079254762608841,-0.35483055240910666,-0.1416351959932009,-0.3953261254227781,0.2914964794339092,-0.7749144536226755,0.1719411166715552,1.6384392492314077,0.8114231636893837,-0.3634245337975326,0.9695170131752928,-0.36045033622206546,-1.9239438737148855,-1.2560276591147923
Sample_03,-1.0132383036964872,1.1716588446540854,1.2834633421464967,-1.0316882696794907,-0.9545454545454545,1.25,0.04593152121746257,-1.3568010505999364,0.22721188130407302,-0.1005037815259213,-0.21398266546446323,-1.0,0.04593152121746257,-1.3501267755985693,0.22721188130407302,1.5162850110068706,1.2450029232454058,-1.2126781251816647,1.126415122476942,1.1785113019775793,-1.354801108245272,1.4488377471249099,0.9871283639119491,-1.36565161435598,-1.2691294114526326,-0.48003639017873206,1.0056215638711818,-1.8795306327181698,0.2260235390057984,0.38384723808064697,-1.355317497862401,0.9649667271318214,0.3390671571789594,-0.42749962856274626,0.4296610519953759,2.2654793567377323,-0.0649432600233644,0.28275031849859056,-0.11409389259775303,-0.80851595194584,0.7767608379639431,-1.256745696144529,-0.06694871310982277,-0.47721685594577035,0.4049629209217055,0.4197326539019414,0.7979893664529388,-0.4624133300565602,-0.31191631325134556,-1.2218830807579182
Sample_04,0.16494577036919558,-1.2194816546399665,-0.08192319205190411,0.29098899914036913,0.18181818181818185,0.0,0.04593152121746257,-0.1005037815259213,0.22721188130407302,-1.3568010505999364,0.9748099204492218,0.24999999999999994,0.04593152121746257,-0.07642227031690021,0.22721188130407302,0.1624591083221647,-0.025408222923375655,1.2126781251816647,1.126415122476942,0.0,-0.0237506361925297,-1.2692422684317735,-0.09892031321774578,0.33051605621237395,0.34595841922071857,1.1119033005779706,0.5572157449698414,1.7567038747273092,-0.8347728567280002,-1.8083935026611473,-1.6804711183076326,1.3052744378906171,0.6750233568268843,-0.08242928764654162,0.06378558478462626,-0.872414844070485,2.344300257104203,0.16781011978307894,0.4404854365388244,0.7516278094626594,0.3878595068496767,-0.06078376925684138,-1.0106912409719295,0.3093001791490073,1.8592261535423715,1.620858551776473,1.3802979842143526,-0.46361286607390706,-0.9680592077437108,-0.2286376704319271
Sample_05,1.3431298444348785,-1.2194816546399665,-0.08192319205190411,-1.0316882696794907,-0.9545454545454545,0.0,1.194219551654026,-1.3568010505999364,0.22721188130407302,-1.3568010505999364,-1.4027752513781482,-1.0,-1.1023565092191008,1.197282234964769,-1.035076348162999,-1.1913667943625412,-1.2958193690921573,1.2126781251816647,-1.2702127976867645,-1.1785113019775793,1.0734301104926676,-1.1096228691554921,-0.03778163734581868,-0.8560760888855179,-0.6808102020312253,-0.6900865756616626,-0.9794793670023973,-1.3847180940577695,0.8434943083224588,-0.3748609498591751,-1.1509680621644478,-1.3909133155811153,-0.3780932468412167,1.5720190935287486,-0.49575055689368935,-1.2213472729264836,-0.520008181735816,-0.22042383733378795,-2.2958487980434588,-0.020776085226065194,-0.40473942131838897,0.4622684090086092,1.8788972447435779,0.8521625587913967,-0.3702067574083621,-1.2900113980934944,2.4075034112180114,0.10694417130110513,-0.05318573807546088,-0.110257956548293
Sample_06,1.3431298444348785,1.1716588446540854,1.2834633421464967,-1.0316882696794907,1.3181818181818183,1.25,-1.1023565092191008,1.155793487548094,-1.035076348162999,-0.1005037815259213,0.9748099204492218,0.24999999999999994,-1.1023565092191008,1.197282234964769,-1.035076348162999,0.1624591083221647,-1.2958193690921573,1.2126781251816647,1.126415122476942,0.0,1.0265159896548495,1.1603090533905547,0.849649996367532,-0.6528614772930229,1.1578974202523733,-0.8079033159440687,-0.656886209887087,0.1819551230853583,-0.28954615601454853,1.181255699260405,-2.6254326996248016,0.914496635674885,1.304371884225195,-2.018149541987729,-0.5819232771857269,-0.1757138188149596,-1.7563707381091431,-0.7082876519805119,-0.7490771579133593,1.7680547935592106,0.8940375356036864,1.0994125386783584,0.6447723478624757,-1.0170111915752968,-0.6351702396334911,0.6045893828660696,-1.570105409704299,0.7608650551898036,-0.2849774307179897,-0.518624182347928
Sample_07,-1.0132383036964872,1.1716588446540854,-0.08192319205190411,1.6136662679602292,1.3181818181818183,-1.25,1.194219551654026,-1.3568010505999364,1.4895001107711452,-0.1005037815259213,0.9748099204492218,-1.0,-1.1023565092191008,-0.07642227031690021,1.4895001107711452,1.5162850110068706,-0.025408222923375655,1.2126781251816647,1.126415122476942,-1.1785113019775793,-0.68526001163785,1.2717700030953192,0.17227598428781377,2.019109222661201,1.1529453897086013,0.36412107634230845,0.7508915091449698,-0.18805813444710742,0.3211506472755678,-1.8154186899150835,1.2475811857508685,-0.3184974601897769,-0.5769194643200021,0.9772291945951509,-0.9569689907277864,-1.1338663811619374,-1.9150626346155581,0.6283350796142966,-0.9146970276573038,1.7705537574453172,-2.465431058086114,1.5699503842813656,0.08571931917416903,-0.16153772512238437,-0.656313725157015,0.4974612535493233,-0.32877604439871516,1.1512526163183698,0.038251418397983517,0.09285268803025254
Sample_08,1.3431298444348785,1.1716588446540854,-0.08192319205190411,0.29098899914036913,-0.9545454545454545,1.25,1.194219551654026,1.155793487548094,-1.035076348162999,-1.3568010505999364,-0.21398266546446323,-1.0,1.194219551654026,1.197282234964769,-1.035076348162999,1.5162850110068706,1.2450029232454058,-1.2126781251816647,-1.2702127976867645,1.1785113019775793,1.2314901684076325,1.0152956399638093,-0.20408960421211755,-0.06886771935054752,-0.8508600367001049,0.4928404077173038,0.2957320265255364,-0.07636914696853422,-0.0022145893179037653,-0.07654975910023974,-0.3382289522292512,-0.8917164639156953,0.1873444453049126,-0.9676779274051589,0.19681918580934904,-1.405619988593959,0.8367482119507336,0.49947346238850215,0.5834654670315627,1.0060300313113675,1.7065112153688804,0.8146045196588524,-2.160645005563334,-1.1417476912043656,-0.7391299706592603,0.05459436858088488,0.2531626776037128,-0.6781872329998537,0.10438181871767721,-0.9617682229811675
Sample_09,1.3431298444348785,1.1716588446540854,-0.08192319205190411,0.29098899914036913,0.18181818181818185,-1.25,0.04593152121746257,-1.3568010505999364,-1.035076348162999,-0.1005037815259213,-0.21398266546446323,0.24999999999999994,1.194219551654026,-0.07642227031690021,1.4895001107711452,-1.1913667943625412,1.2450029232454058,0.0,-1.2702127976867645,-1.1785113019775793,1.212069439071052,0.4540179237445372,-0.1186705085950975,-0.0042126121918394585,0.05873242823515048,0.8066084518302358,-0.9118844462994217,2.4288015011758226,0.4968475529132282,-0.2535648781281401,-0.6833858640149307,0.536605566412735,-0.6331992607818397,0.08794056825500289,2.428318375798668,0.07872377057824738,0.9645783229320471,-0.6361934541266704,0.2997009376501176,1.7864030812386218,-0.8456379496251137,1.6984007290593388,0.6295329079458177,-0.5474962454859864,0.5639917657177178,1.1782047248815954,0.3623111578356711,-1.5228501229718046,-0.7287801621922628,-0.3703876784926963
Sample_10,-1.0132383036964872,1.1716588446540854,-0.08192319205190411,-1.0316882696794907,-0.9545454545454545,-1.25,1.194219551654026,1.155793487548094,0.22721188130407302,1.155793487548094,-1.4027752513781482,0.24999999999999994,-1.1023565092191008,-1.3501267755985693,1.4895001107711452,0.1624591083221647,1.2450029232454058,1.2126781251816647,-0.07189883760491125,-1.1785113019775793,-1.4636796604372224,1.1509171986987867,-0.34848951418348495,-1.4119087210217143,-0.9424456423041178,0.35871277666262763,0.7149833025225162,1.0486446042226847,0.8547932828365382,0.044833563451587996,0.1705110689663781,-1.7443506142565894,0.43598364288788344,0.17013302343803408,0.05508517995411448,-1.0121707260074377,-1.4089548082230943,1.0602254264620457,0.29524809941309943,0.707796426333512,-0.11611609645439656,-0.2757619828284342,0.8819139522388623,-0.5090274448783243,0.008127488971648,-0.5251781576606882,-0.744680419242293,-0.26152577330000776,0.13662420704980557,-0.63964250886783
Sample_11,-1.0132383036964872,-0.023911404992940543,-1.447309726250305,0.29098899914036913,0.18181818181818185,1.25,0.04593152121746257,1.155793487548094,-1.035076348162999,-1.3568010505999364,-1.4027752513781482,-1.0,1.194219551654026,-1.3501267755985693,0.22721188130407302,0.1624591083221647,-0.025408222923375655,1.2126781251816647,-1.2702127976867645,-1.1785113019775793,-0.7385743982524182,0.41215484917545125,-2.019569520620557,0.17839660421900963,0.7584129873762817,-0.05984076694516972,1.2238456158947721,-1.234128217301662,0.2590597598952316,0.5130262112514473,0.3356692037110226,0.8893554054003552,-0.5711392953698242,1.322908675927423,2.1574620396055026,-0.16776573903819295,-0.7325936370438842,1.4468046923916154,1.8740182828773946,-0.48474150261518745,-0.6154318492290632,-0.6207638026912347,-1.6171716165798582,-0.8426580703627945,-1.132299428746017,-0.8878842000226425,-0.3256846865773984,0.2819781810280411,1.3476318414274557,-1.2446949561199545
Sample_12,-1.0132383036964872,1.1716588446540854,-0.08192319205190411,0.29098899914036913,-0.9545454545454545,0.0,0.04593152121746257,1.155793487548094,1.4895001107711452,1.155793487548094,0.9748099204492218,-1.0,1.194219551654026,-0.07642227031690021,-1.035076348162999,0.1624591083221647,-0.025408222923375655,0.0,1.126415122476942,1.1785113019775793,-1.2536154463652869,1.4716139692864747,-0.10739424234903845,0.4001150027216607,-0.9923452257888953,0.12804434798768363,0.29097467684000033,0.5253227022130917,0.28230426986969787,2.2159734894442646,-0.4443770401746278,-0.6528204489669515,-0.6837227817812751,-0.5619858690800431,-0.8875334903148402,1.2660670850941587,1.2532242261557243,-0.5082806658009367,-0.47779158910616865,0.4997736190195091,-0.7624262857844379,0.3921978516219725,0.07685770356107757,-1.3374535549307305,1.5124951322992126,2.1556270964633546,-0.93152799884477,-0.34007213263769087,0.19472523897124794,0.3072912727571279
Sample_13,-1.0132383036964872,-1.2194816546399665,1.2834633421464967,0.29098899914036913,-0.9545454545454545,1.25,1.194219551654026,1.155793487548094,0.22721188130407302,1.155793487548094,0.9748099204492218,1.4999999999999998,1.194219551654026,-1.3501267755985693,-1.035076348162999,1.5162850110068706,-0.025408222923375655,-1.2126781251816647,1.126415122476942,-1.1785113019775793,-0.8966809384519253,-0.9357614978422586,1.8745107939354924,0.5650401679540988,-1.023051456046807,-0.997456756686702,0.07583339195462561,1.6835528212410527,-0.5655519516971894,-0.2111977527705826,0.22873396545171362,1.0080876294703192,2.6666715395669685,-0.53837860227921,-0.7341083288117513,1.132228047768544,0.46718720120728274,1.8267108493672548,0.9031909745898269,-0.3227792565004623,0.5099267105471745,0.919069937796347,0.7529474149270408,0.3389714539323161,1.0141117600977854,1.4117693650684286,1.1591444802104998,0.6965626586088722,-0.21823786295817324,0.08867456844709891
Sample_14,-1.0132383036964872,-0.023911404992940543,1.2834633421464967,1.6136662679602292,0.18181818181818185,0.0,1.194219551654026,1.155793487548094,0.22721188130407302,-1.3568010505999364,-1.4027752513781482,0.24999999999999994,-1.1023565092191008,-0.07642227031690021,-1.035076348162999,-1.1913667943625412,1.2450029232454058,1.2126781251816647,-1.2702127976867645,-1.1785113019775793,-0.8369411654209348,0.3557211774652079,1.3859072496449139,1.4947144434894708,0.0005768973201730626,1.0338741803862477,0.31754336530920113,0.12859045492701954,-1.4506787270590338,0.35707766197023033,0.9458186020270822,1.9497908162360826,-0.3483057782660236,0.18112935817368367,0.032068293864709496,1.6249622959651837,-0.3599008333473033,0.3125006027406405,0.9265618830446987,0.2177630327235068,-0.6446521116182886,-0.09377783215765774,1.0300898003034902,-0.9320417581634225,0.046321566100580996,-0.8075405782692302,0.9630537909240614,-1.4758021713496727,-0.5754263903389949,0.3570772601793685
Sample_15,1.3431298444348785,1.1716588446540854,1.2834633421464967,0.29098899914036913,-0.9545454545454545,1.25,-1.1023565092191008,-0.1005037815259213,0.22721188130407302,1.155793487548094,-0.21398266546446323,-1.0,1.194219551654026,-1.3501267755985693,-1.035076348162999,0.1624591083221647,-0.025408222923375655,0.0,-0.07189883760491125,0.0,1.6585630415104995,1.218333948560541,1.1446489943411438,0.1512261821093128,-0.7189165942768895,-2.481366688168546,0.5858678209301561,-0.3592947404692709,-1.094814783731999,0.3158577227637545,0.5106502028165524,-0.6847769074643869,-1.3826774215975337,0.8078595137081099,0.44772528015851176,0.07584478299440123,1.7067177702675098,-0.9905861327044652,-1.1536837770779567,-0.6521300587697498,-0.1983930197203892,-0.039238731949050074,-0.40939754549998036,0.21034561764194973,-1.3887294475603857,1.737609990692116,-0.3754285817220185,1.1652495815463306,0.24656170798842456,0.4496988594393953
Sample_16,1.3431298444348785,-1.2194816546399665,-1.447309726250305,-1.0316882696794907,-0.9545454545454545,0.0,-1.1023565092191008,1.155793487548094,1.4895001107711452,-1.3568010505999364,-1.4027752513781482,1.4999999999999998,1.194219551654026,-0.07642227031690021,1.4895001107711452,0.1624591083221647,-0.025408222923375655,0.0,-0.07189883760491125,0.0,0.9251611375353371,-1.1680317552796915,-1.3294538984588833,-0.9657559525568975,-0.9741937923276812,0.45820583614828925,0.014810628987663261,1.3682761502257061,-0.7324171079980704,1.5042395041933916,0.20302032139580048,-1.5219941645195696,0.11529578810796506,-0.6824519743794774,0.6452184114239911,-0.4355122881738258,-0.7333182683076617,-1.7820895183402299,-0.10721514932451667,-2.3670991485610764,-1.9109837012970896,0.5333729995840384,0.7149783261033356,0.27117217315327535,-1.093778099513616,-0.03302143161710621,-0.29311089490897335,-1.11090133760799,1.3046910540347572,0.939475406522269
Sample_17,-1.0132383036964872,1.1716588446540854,-0.08192319205190411,1.6136662679602292,1.3181818181818183,0.0,-1.1023565092191008,-0.1005037815259213,-1.035076348162999,1.155793487548094,-1.4027752513781482,-1.0,-1.1023565092191008,1.197282234964769,1.4895001107711452,-1.1913667943625412,-1.2958193690921573,0.0,-1.2702127976867645,0.0,-1.742715192165331,1.0047438190865885,-0.04331989140775808,1.2543774380265575,1.1034767398175307,-0.9479763163137238,-0.9681774875999238,-0.1627551495949933,1.8676266165431428,0.24242454353321896,-0.372267422115454,0.4132228895305042,1.4673889835754395,0.8579133089732464,-0.16471026915048811,-0.4302576117730518,0.48456764609342895,0.42305996939203794,1.2066976575216555,0.6619223254995088,1.0208125289720746,-0.9014362978245336,1.2969552348985565,0.08235193025334749,2.05951668092394,-0.7945612824050681,1.5299261255258547,0.245666408556337,-0.6597506584012501,-0.6456245152423318
Sample_18,-1.0132383036964872,-0.023911404992940543,1.2834633421464967,-1.0316882696794907,-0.9545454545454545,-1.25,-1.1023565092191008,-0.1005037815259213,-1.035076348162999,1.155793487548094,0.9748099204492218,-1.0,1.194219551654026,-1.3501267755985693,-1.035076348162999,1.5162850110068706,-1.2958193690921573,1.2126781251816647,-0.07189883760491125,-1.1785113019775793,-0.862636504616176,-0.11366988912109137,1.3146324931608784,-0.3523136446737425,-0.5597195123193921,1.90712840484392,1.973791058460976,0.47539693554326673,0.018351316805274007,-0.32405176159930205,0.9111876428940607,-1.1278884634292077,-0.2946989051088604,-1.6298110939719344,0.18745524800880897,0.7654532372042337,-0.7726971587565309,1.5632930968236365,-0.8613958430542279,-1.4170138277364641,0.10223704399978915,0.8508479375437211,1.6982279051154356,-0.46165998363588184,1.0265561917822834,-0.022096065940655437,-0.47024607447364963,0.9315633395738079,0.5288067905410638,-1.9177891233473165
Sample_19,0.16494577036919558,1.1716588446540854,-0.08192319205190411,0.29098899914036913,1.3181818181818183,0.0,0.04593152121746257,1.155793487548094,0.22721188130407302,1.155793487548094,-0.21398266546446323,1.4999999999999998,1.194219551654026,-0.07642227031690021,0.22721188130407302,0.1624591083221647,-1.2958193690921573,-1.2126781251816647,-1.2702127976867645,1.1785113019775793,0.6804624844234907,1.3777346863987863,-0.4044514766787326,-0.25645631567194316,1.6742063624459254,0.004978611829344039,-0.4816715429939491,-0.5101273139562623,-0.048442192321774005,0.8209464954168317,0.8354413713490771,-0.49789296965830315,0.799817926593022,-2.76176835576898,0.9647481891715786,-1.4399263251272936,-0.6441989045002497,-1.0384798556391155,-0.9285939134696963,1.1824171367454437,-0.6683290751269185,0.07500608871621056,-0.19666538228183886,0.31391794702874043,-0.011875908462811096,-1.4995064294879792,0.754735807993381,-0.4461500104190623,-1.4849447631503079,-0.5806825785375704
Sample_20,0.16494577036919558,1.1716588446540854,-1.447309726250305,0.29098899914036913,1.3181818181818183,0.0,1.194219551654026,-0.1005037815259213,-1.035076348162999,-1.3568010505999364,-0.21398266546446323,1.4999999999999998,-1.1023565092191008,-1.3501267755985693,-1.035076348162999,0.1624591083221647,-0.025408222923375655,1.2126781251816647,1.126415122476942,1.1785113019775793,0.5261804259178088,1.5555819270490863,-0.916120779002719,0.31096339345113205,1.1169795128978388,1.8408903107599708,0.5232601373622253,0.46980904615623953,1.0611520934361791,-0.19488123908041313,-0.034110386151275526,-0.32955579825178277,-0.09710969180665716,-0.06481384596746508,0.5280202812334871,0.21547336441153592,0.5211942141613828,-0.034966425432883017,0.41049252238148937,-1.9455992474880763,0.8724945998851915,0.07498902821817295,0.9473009501922692,-2.4814490307479184,2.0731092374122118,-0.1420963076416302,0.8720219391878166,-0.9924170480144724,0.49275190607578634,-1.3088111251890342
Sample_21,0.16494577036919558,-0.023911404992940543,1.2834633421464967,1.6136662679602292,0.18181818181818185,1.25,-1.1023565092191008,-0.1005037815259213,1.4895001107711452,-0.1005037815259213,-1.4027752513781482,0.24999999999999994,0.04593152121746257,-0.07642227031690021,0.22721188130407302,-1.1913667943625412,-0.025408222923375655,0.0,1.126415122476942,0.0,0.2433982795716524,-0.060257475878329955,1.3651318452338066,2.1593702639488312,-0.33568526197543563,0.24255379272374594,0.27369118361921513,0.4119194978546954,2.504195677574461,-0.5172782533982498,0.46438886122299794,0.8750337069398836,1.1548740941403852,1.1096355099729798,0.435829634284816,-0.888598586313197,1.4798229779308465,-1.064245422311178,0.6289095395155175,-0.7138855958313827,-0.21904711888838807,0.0553590924188248,0.20651676391314133,0.26824130837619153,1.5811180721690272,0.5620410001056366,-0.5452076457700546,1.0120079022151156,1.018498264096489,-1.5116485946872094
Sample_22,1.3431298444348785,-1.2194816546399665,-1.447309726250305,-1.0316882696794907,-0.9545454545454545,1.25,0.04593152121746257,-1.3568010505999364,0.22721188130407302,1.155793487548094,0.9748099204492218,1.4999999999999998,-1.1023565092191008,-0.07642227031690021,0.22721188130407302,0.1624591083221647,1.2450029232454058,-1.2126781251816647,1.126415122476942,1.1785113019775793,1.1496710359843945,-1.3638392214446071,-1.0350102843918099,-1.0116452832295535,-0.6462789697588233,-0.1315944058476899,-0.07502360115205252,0.1011425588968651,-1.1736777448861282,-2.0209220246591864,1.973951277683191,-0.9580378479462628,-1.0753927003496089,-2.094894989284546,-0.889166407970234,-1.0549875838756064,1.4889577365855051,1.018367894882124,-0.33718070927722665,2.263310203911101,0.9453457752930495,-0.668434021342186,-2.8815902837189813,1.8170533763426235,-1.5318014272976024,-1.9297435864923802,0.7823015629219511,2.4879911419302445,1.1960901177326793,0.5744761186750076
Sample_23,0.16494577036919558,1.1716588446540854,-0.08192319205190411,-1.0316882696794907,0.18181818181818185,-1.25,0.04593152121746257,1.155793487548094,1.4895001107711452,-1.3568010505999364,-1.4027752513781482,-1.0,0.04593152121746257,-0.07642227031690021,-1.035076348162999,1.5162850110068706,-0.025408222923375655,0.0,-0.07189883760491125,-1.1785113019775793,0.4075429068918546,1.1916832806956377,0.08153422107636532,-1.0739584720875393,-0.009653879301523487,-0.32181941562317573,-0.7012112379205196,-0.16237691788900704,-1.8007388403078568,-0.5615694867040202,-0.8244756350038916,-1.2059370506066036,0.17037896898637198,1.3062691313422998,0.725767163057388,-1.283582214047381,-1.3116560414000404,0.9516772280911651,-0.6241813397767599,-0.18944221628156124,0.4647241491642032,-1.381063691439478,-0.02993509508293097,-1.1868678373170913,-0.7148229536221706,0.40325456921878117,-1.958766821352021,0.488282634896793,-0.08378722983408908,0.5611791170281467
Sample_24,-1.0132383036964872,-1.2194816546399665,-1.447309726250305,-1.0316882696794907,1.3181818181818183,1.25,-1.1023565092191008,-0.1005037815259213,-1.035076348162999,1.155793487548094,0.9748099204492218,0.24999999999999994,1.194219551654026,-1.3501267755985693,0.22721188130407302,-1.1913667943625412,-1.2958193690921573,0.0,-1.2702127976867645,1.1785113019775793,-1.180614748401457,-1.0458938801499253,-1.2446669111155644,-1.1269542312729717,1.5007021604804962,0.29069005807190246,0.16421334081420813,0.12339142639427543,-0.7593198572100736,-1.175631527948008,-1.2730026367756446,1.55018339281255,-1.3439188695372566,-0.6938233069413869,-0.971553242403165,0.9943413381119178,-0.5723742154935191,1.2481769852599929,-0.32288638522118956,0.30924115959343157,-1.077625038902306,2.066835043504182,-1.4454535166471765,0.17534677965831608,0.5654108885246303,0.5148686669526801,-0.4835139231743845,-0.08213569984278704,-0.02594360108499497,-0.25334148707133314
Sample_25,-1.0132383036964872,-0.023911404992940543,-0.08192319205190411,0.29098899914036913,-0.9545454545454545,0.0,0.04593152121746257,-1.3568010505999364,1.4895001107711452,-1.3568010505999364,-0.21398266546446323,0.24999999999999994,-1.1023565092191008,1.197282234964769,0.22721188130407302,0.1624591083221647,-0.025408222923375655,-1.2126781251816647,-0.07189883760491125,1.1785113019775793,-0.7822739734791667,-0.4547145721066351,0.15187869370902016,0.19537365037181506,-1.4676584740310614,2.3493456508951738,-0.754797332009172,1.5452872481594349,1.7415319683512536,-1.0567343134895804,0.8629402543222904,1.4331250095434716,-0.42419258579996594,-0.22440444055043274,-0.8297648622123645,-0.770103983278129,-0.9494524870257067,-1.139193446277958,0.36705126212771466,-0.7294288810725011,0.1126285842949355,-2.031720889075325,0.21694234589596295,0.6093308304959814,-2.1580197590520838,0.46768763953112646,0.9972414933406225,-1.1621887170099063,1.4589188777920765,0.40575941012066685
Sample_26,0.16494577036919558,-0.023911404992940543,1.2834633421464967,0.29098899914036913,-0.9545454545454545,-1.25,-1.1023565092191008,1.155793487548094,0.22721188130407302,-1.3568010505999364,0.9748099204492218,0.24999999999999994,1.194219551654026,-1.3501267755985693,-1.035076348162999,-1.1913667943625412,1.2450029232454058,1.2126781251816647,-1.2702127976867645,1.1785113019775793,0.32466813155268853,-0.7124605792934062,1.328046495087101,0.6870821351264781,-0.6779787886977717,-1.1892729311576975,0.2941100907744354,-1.1702209629375702,-0.13847607414258167,-1.4377697284644322,-0.5503189150236182,1.0541650997658096,1.1397542611276321,0.5552522591763143,-1.359301869013426,-0.12486674854823522,1.0325006817718732,0.17987960776731973,2.59533705585981,0.4224425604913733,0.06616348271145543,-0.6510312392399583,0.0008997422205391451,-0.2077419411157468,0.642456188534356,1.1593855918536875,-1.1130395675908735,-1.283806854592817,-1.7398639484197493,0.509362868616159
Sample_27,-1.0132383036964872,-1.2194816546399665,-0.08192319205190411,1.6136662679602292,-0.9545454545454545,-1.25,1.194219551654026,-0.1005037815259213,0.22721188130407302,-1.3568010505999364,0.9748099204492218,0.24999999999999994,1.194219551654026,1.197282234964769,-1.035076348162999,0.1624591083221647,-1.2958193690921573,0.0,-0.07189883760491125,0.0,-0.6218687893355201,-1.394184635188183,-0.15631817331924716,0.818550167281587,-1.2583061657793992,0.5891072755260728,0.19975339559938432,-0.0006779041671920737,0.9442831465740825,-0.7703332632694104,0.5362084340399914,0.170871342390628,-0.7315311923094423,0.9225797584030333,-0.407985641215474,-0.5307908575619789,0.3124710048595789,-0.8248233927205538,0.36129606767870637,0.023956308649313973,1.0612726129032342,0.21696916955224604,-0.1726967453193744,0.5962687027444391,1.349455282529368,0.6858340585818711,-0.2784861170291887,-1.2644059534469136,-1.0368969644084542,-0.43758327897890387
Sample_28,0.16494577036919558,-0.023911404992940543,1.2834633421464967,-1.0316882696794907,1.3181818181818183,0.0,-1.1023565092191008,-0.1005037815259213,-1.035076348162999,1.155793487548094,-1.4027752513781482,-1.0,-1.1023565092191008,-1.3501267755985693,-1.035076348162999,0.1624591083221647,-1.2958193690921573,-1.2126781251816647,1.126415122476942,-1.1785113019775793,0.9439751771780014,-0.38723563697114133,0.9782784064274554,-0.5283595418977057,1.484189296513985,0.23327327023033018,0.18104520732817184,-1.6699021461118333,-1.0087476467231629,-0.6113285953773906,-1.0640107989301921,0.43963871198735854,1.607140155838509,1.140076201450329,-0.4478935182806986,1.5448309583615898,-0.10027366015984882,-0.2825907636749208,-0.26429613060246104,-0.26651465822803977,-0.5797954803173767,-0.11999428684771157,0.030494938769549815,-0.0788698043678373,0.36138652179850755,1.437116198399847,0.7057816806353835,-1.437504983858858,-2.3941706643234912,1.005799479572738
Sample_29,1.3431298444348785,-0.023911404992940543,-1.447309726250305,1.6136662679602292,1.3181818181818183,0.0,-1.1023565092191008,-1.3568010505999364,1.4895001107711452,-1.3568010505999364,0.9748099204492218,-1.0,1.194219551654026,-1.3501267755985693,0.22721188130407302,-1.1913667943625412,-1.2958193690921573,0.0,-1.2702127976867645,0.0,1.3925519626781258,-0.17175163537333046,-1.2199849064506423,1.0679767955550814,1.2865443461525323,0.5089050565113186,-0.5099201331228349,-2.217459731967077,-0.5956429249773568,-0.02845004649820999,-1.3556699402658123,0.03723878516082414,-0.03723856371905112,0.5266198128751135,-0.10254073797999196,-0.7315866489454538,1.0149133823245016,-0.11012512828028086,0.30719336441150663,-0.8911206008281225,-0.6411437344765316,-1.2885491398912445,-0.33463521023517984,1.3370564369002373,-1.5134850065469976,-1.891947328163009,1.2524269021889496,-0.16165580992687303,-0.6758456256885809,1.1287472489011054
Sample_30,-1.0132383036964872,1.1716588446540854,1.2834633421464967,-1.0316882696794907,-0.9545454545454545,-1.25,1.194219551654026,-1.3568010505999364,1.4895001107711452,-0.1005037815259213,0.9748099204492218,1.4999999999999998,0.04593152121746257,1.197282234964769,-1.035076348162999,-1.1913667943625412,1.2450029232454058,-1.2126781251816647,1.126415122476942,-1.1785113019775793,-1.0529772037844596,1.146834408012208,1.6153260125333782,-1.0982119055718371,-1.187348257009824,-0.8708738803783911,0.9115033773797264,0.3535071187704739,1.3464308942069265,1.2438171055771454,0.28119796116807205,-0.8676760931344286,0.4682678520132105,-0.6792514084565193,1.86138067585803,0.29362958136227335,-0.6472644703427699,0.22137746960823354,-0.9797315283686336,-0.9290902499742679,1.188764586379067,-1.0361621719870695,-1.2914321137750262,0.36331687239122906,1.1374864311020234,0.8771377567528387,0.7545061595282138,-0.7092451998774376,-1.3620803551937146,1.6660563569095006
Sample_31,-1.0132383036964872,1.1716588446540854,-1.447309726250305,1.6136662679602292,-0.9545454545454545,-1.25,0.04593152121746257,-0.1005037815259213,1.4895001107711452,-0.1005037815259213,0.9748099204492218,0.24999999999999994,-1.1023565092191008,1.197282234964769,1.4895001107711452,-1.1913667943625412,1.2450029232454058,1.2126781251816647,-0.07189883760491125,1.1785113019775793,-0.9201727713228635,1.0544599316759207,-1.6224388222898236,1.3828725238587711,-1.036484352784943,1.930108698909388,-0.5821528704780614,0.9126032029407042,0.038328817968800256,-0.162464980824597,1.9024097285149366,0.3506781249922418,0.5515726118534073,0.9997713915168024,-0.6050127362003506,-0.6079076912481465,-1.370380120751382,-1.8562851000960785,2.338773031721343,-1.0593927608730838,-0.39396177760107676,-0.6152585496822883,0.1912440547525475,0.5945872489076633,0.8003831228517506,-0.6685905143711873,-0.4644763104037931,0.3303538215468102,-0.2926040599795981,1.7895015169066455
Sample_32,-1.0132383036964872,-0.023911404992940543,-0.08192319205190411,-1.0316882696794907,-0.9545454545454545,0.0,1.194219551654026,-0.1005037815259213,-1.035076348162999,-0.1005037815259213,-1.4027752513781482,0.24999999999999994,1.194219551654026,-0.07642227031690021,0.22721188130407302,-1.1913667943625412,-1.2958193690921573,-1.2126781251816647,-0.07189883760491125,1.1785113019775793,-1.399175374483646,0.42114208532075664,-0.490500470188571,-0.8274798829047101,-0.7348810754654583,-1.5695401678286738,0.5423968806642828,-0.49210018716687637,-0.577117660892176,0.1831689945162676,1.5880340903355705,-0.11933639709055653,0.30751738950227314,1.6038621885051059,0.0231182619258056,2.5712970175779115,0.34333280338406774,-1.6577043102659816,1.0683817419579087,0.41040247116837525,1.2882245121174654,0.4367703911192268,-0.29687626018744584,-1.0959395770473666,-0.30815591874011306,-0.9860901052473438,-0.8977145553425294,0.6364182172761402,1.456486698479682,0.3774080851707307
Sample_33,-1.0132383036964872,-1.2194816546399665,-0.08192319205190411,-1.0316882696794907,1.3181818181818183,1.25,-1.1023565092191008,-1.3568010505999364,0.22721188130407302,1.155793487548094,0.9748099204492218,-1.0,0.04593152121746257,1.197282234964769,1.4895001107711452,0.1624591083221647,-0.025408222923375655,1.2126781251816647,1.126415122476942,0.0,-1.104009274524329,-1.1288920160905607,-0.0006139082022298787,-1.5197153595200856,1.3118182195866621,-0.24369392772340187,-0.7345570064409849,0.6639335025844377,-0.14869315036184066,0.0017096223054435874,-0.7149489483949255,-0.5624633533926773,0.7473643544579963,-0.3867719470184548,1.564353007615487,-0.20176481737568702,-0.01937553466854583,0.9437759132672064,-1.0491953124456737,-1.7105377694138362,-1.8461385225010714,1.0894780166843316,-0.7494595368508136,2.038522392056793,-0.6763478300639243,0.24271319222183013,1.32677046678014,2.0542381713566065,1.813488615639228,1.3249116175496174
Sample_34,1.3431298444348785,-1.2194816546399665,-1.447309726250305,0.29098899914036913,0.18181818181818185,0.0,-1.1023565092191008,1.155793487548094,-1.035076348162999,1.155793487548094,-1.4027752513781482,1.4999999999999998,-1.1023565092191008,-0.07642227031690021,-1.035076348162999,1.5162850110068706,-1.2958193690921573,-1.2126781251816647,-1.2702127976867645,0.0,1.1722965727816368,-1.1368362661842395,-1.2352817523197708,0.39878993505009175,0.3404131620296481,-0.26195388321086943,-0.07191127103445566,-0.31586362159423265,0.7102561533387771,0.5844589586467981,0.34230251453811295,1.2873899376852906,-1.235247228964284,-0.21488712677642996,-0.9699096179166431,-1.5571039851984056,-0.34647602266600014,-0.07459774187621228,1.8095439963067206,0.6576050101446079,-1.2878582176244027,1.7445175171152854,1.1914620951359054,0.4009759771458251,-0.32625417350464003,-1.1153949173553706,-0.6794020949520563,1.1366962178193736,1.6522017043842199,1.7148581443785014
Sample_35,-1.0132383036964872,-0.023911404992940543,-0.08192319205190411,-1.0316882696794907,-0.9545454545454545,-1.25,1.194219551654026,-1.3568010505999364,0.22721188130407302,-1.3568010505999364,0.9748099204492218,-1.0,1.194219551654026,1.197282234964769,-1.035076348162999,0.1624591083221647,1.2450029232454058,-1.2126781251816647,-1.2702127976867645,0.0,-1.0571325227697348,0.17006882677882176,0.001961393962063788,-0.37296318879421264,-0.3789992770482961,-0.4077574558587958,-0.3908320778593625,-1.3312111717820758,0.5181624039215724,-1.0340155034211078,-1.020916946242139,-2.914451530089964,-0.050219770987393775,1.6710497156268038,1.4962157839110068,-0.25485491340650435,-0.899365058727511,0.495780650667985,-0.6396831230237859,0.3318150996293386,0.7052258749565248,1.0499980501409618,-0.25494420371124843,-0.2501733556857444,-1.001535806967299,-0.9580253524098207,-0.526681660383188,0.41515764892107393,0.7669864785262639,-1.0174241049177657
Sample_36,1.3431298444348785,1.1716588446540854,-1.447309726250305,-1.0316882696794907,0.18181818181818185,0.0,1.194219551654026,1.155793487548094,-1.035076348162999,1.155793487548094,-0.21398266546446323,0.24999999999999994,-1.1023565092191008,-0.07642227031690021,0.22721188130407302,0.1624591083221647,-0.025408222923375655,-1.2126781251816647,-1.2702127976867645,1.1785113019775793,1.3265985445833248,0.8471370377754487,-1.1773383613331205,-1.4453372417640562,-0.25229588784185597,0.6351595031757018,0.9058424208861339,-0.16295730222894714,0.04881440800528917,0.10656934484908896,-1.4462761071446655,-0.650942302626842,0.8238189244903287,-1.2323701502339774,0.0778780083818253,-1.0859324480508419,0.2378915111626693,0.008571109304470777,-1.2410569560565117,1.1862912954969134,-0.9654551079060737,-1.2059917814195238,0.07428079104114715,0.8704533433418535,-1.1444069012488347,0.09684422617207902,0.16005717235964453,0.7409679454337682,0.09496882532647143,-0.5095496914577646
Sample_37,0.16494577036919558,1.1716588446540854,-1.447309726250305,-1.0316882696794907,-0.9545454545454545,-1.25,-1.1023565092191008,-1.3568010505999364,-1.035076348162999,-0.1005037815259213,0.9748099204492218,-1.0,0.04593152121746257,-0.07642227031690021,1.4895001107711452,-1.1913667943625412,1.2450029232454058,-1.2126781251816647,-0.07189883760491125,0.0,-0.040151042245332204,1.5057541783476651,-1.3175424453964064,-0.9537427170447126,-0.4780927716473409,0.6552662058090509,-2.435637684546276,-0.8108754255632564,0.6290907274787781,1.783289294125605,0.26905300069402355,-0.8431256098381075,-0.21548242487562666,1.2898399527148752,-0.8964280908777535,-0.5709334687494996,-0.7722257786887984,-0.877812660554406,0.4534300625393014,1.6417153352980909,0.2120378723060445,-0.5881716444022936,-0.4647661353337637,-1.376771454307334,0.8238457560759823,-0.06878584344287061,-0.47847548489797653,3.2415086493317204,0.20647416492845255,-0.9575856700847879
Sample_38,0.16494577036919558,-0.023911404992940543,1.2834633421464967,-1.0316882696794907,-0.9545454545454545,1.25,-1.1023565092191008,-0.1005037815259213,-1.035076348162999,-0.1005037815259213,0.9748099204492218,-1.0,1.194219551654026,-1.3501267755985693,0.22721188130407302,1.5162850110068706,-1.2958193690921573,0.0,1.126415122476942,1.1785113019775793,0.49378474552403195,-0.04099984934387229,1.5975717238865952,-1.2233612844421797,-0.895416162495764,-0.9339849739307661,2.1309108194860054,1.0479928997508858,-0.4916838436895667,0.9387284752484246,0.32003794549436876,0.6838835640303006,0.49460312234160614,-0.8410322845645787,-0.8939243575524924,1.1191079365485597,-0.6147569635391172,-0.34688273316096535,-0.5974985998040749,0.45242652629340036,2.1485430127678424,-1.490905499227736,-0.11878289070657914,1.0888782147565241,-0.17405092930128013,0.560660911921596,-1.40270650104689,0.476112372052047,-0.23649476608406977,1.0656637463072396
Sample_39,-1.0132383036964872,-1.2194816546399665,-1.447309726250305,0.29098899914036913,-0.9545454545454545,1.25,1.194219551654026,-1.3568010505999364,-1.035076348162999,1.155793487548094,-0.21398266546446323,-1.0,-1.1023565092191008,1.197282234964769,-1.035076348162999,0.1624591083221647,1.2450029232454058,-1.2126781251816647,1.126415122476942,-1.1785113019775793,-0.9130896996465437,-1.024945252406801,-1.7310223850011592,0.38730306457057356,-1.1721335790884775,-0.6155665916171597,0.47642040743560243,-0.17547606257131884,0.15545090930594346,0.9785170875164981,-0.8439235534072104,0.961223063020854,1.3799187343842902,-0.1423712702104257,-2.4269608084606107,-0.3941175939371066,1.1217843110391519,0.02090881335637378,-0.6405770648537488,-0.46683393196340606,0.7882101324550159,0.29674146871838963,-0.4068752239744223,-0.3853722662386195,-0.497561601926431,-1.0714352390522675,1.4035517584483779,-0.27467695247384166,1.0437401024218529,1.6893247824457442
Sample_40,-1.0132383036964872,-1.2194816546399665,-0.08192319205190411,0.29098899914036913,1.3181818181818183,-1.25,-1.1023565092191008,-0.1005037815259213,-1.035076348162999,-0.1005037815259213,-1.4027752513781482,1.4999999999999998,-1.1023565092191008,-1.3501267755985693,0.22721188130407302,-1.1913667943625412,-1.2958193690921573,0.0,1.126415122476942,1.1785113019775793,-0.9157017205873575,-1.5518334992686444,-0.29871341359251474,0.2585417604123149,0.9156384292507975,0.06935978223916967,-1.1594315026607378,1.143731481986198,-0.509859820934562,-0.2358100981713223,0.5534290688495743,-0.38998321612839837,0.6030480718940227,-0.48469017400775866,0.6770070556071532,-1.0761366404270591,-0.12399258032000962,1.9157867360715044,-0.6415805068045594,-0.6381059936952129,0.4244851656406135,-0.1098442992574431,0.23856405078982615,0.32398328728638365,0.5663899586059172,1.3410192438956887,0.1401477437916788,-0.1935966690749209,0.5472684853496284,2.1301443072814408
Sample_41,0.16494577036919558,-0.023911404992940543,-0.08192319205190411,0.29098899914036913,0.18181818181818185,1.25,1.194219551654026,-0.1005037815259213,-1.035076348162999,-0.1005037815259213,-1.4027752513781482,0.24999999999999994,0.04593152121746257,1.197282234964769,-1.035076348162999,-1.1913667943625412,1.2450029232454058,1.2126781251816647,1.126415122476942,1.1785113019775793,0.09571282316335539,-0.48794985966435134,-0.08105154775530846,0.049404957382191014,0.12703301652600074,0.5981357329462398,-0.4655267522481572,0.006755128159589541,0.32729566462229087,-0.2474047412808179,1.015118675392769,-0.560558495493861,0.5247804152059199,-0.2780940211409063,0.5396151710478976,0.7360454112043101,-1.253987254317855,1.091934845649129,-0.18878710230412218,0.8331111596503191,0.2612541829466541,1.7268999313839388,-0.3899432713563996,-0.37086413893601716,-0.11163072980513324,-0.33630518259623693,0.5489905116217182,-1.5689459428959183,-1.0264756526970515,-1.3255644270084326
Sample_42,-1.0132383036964872,-1.2194816546399665,-0.08192319205190411,0.29098899914036913,1.3181818181818183,1.25,1.194219551654026,-0.1005037815259213,0.22721188130407302,-0.1005037815259213,-0.21398266546446323,0.24999999999999994,0.04593152121746257,-0.07642227031690021,1.4895001107711452,1.5162850110068706,1.2450029232454058,1.2126781251816647,-0.07189883760491125,-1.1785113019775793,-0.8705101245943233,-0.9803683116845249,-0.5432211359803837,0.4069256509348444,1.5368454357893202,0.9160272551350045,-0.8881196830912401,0.29931528393184686,1.0032616374097494,0.09042268286262446,0.4519113209858708,0.8271127460210074,-2.8960930183275333,0.6211931952811138,-0.9048399076186302,-1.5239308282229667,0.2855388532092586,1.3697983030434626,0.19979475291970547,0.9765062922873987,1.6472885033576745,1.1474289143869039,1.6500980359882018,0.533588696719183,-0.013314839178324728,-1.8781814281799099,-0.5472049483144571,-0.7957153366781335,1.9132589824887833,-0.28697512477268
Sample_43,0.16494577036919558,-1.2194816546399665,1.2834633421464967,0.29098899914036913,1.3181818181818183,0.0,1.194219551654026,-1.3568010505999364,-1.035076348162999,-1.3568010505999364,-0.21398266546446323,-1.0,0.04593152121746257,-1.3501267755985693,-1.035076348162999,0.1624591083221647,-0.025408222923375655,-1.2126781251816647,-0.07189883760491125,-1.1785113019775793,0.41248146950409736,-1.1138732416830657,1.0976515298290797,0.8236817658227853,1.2474225185992376,-0.061809359348610954,-0.6888209946260597,-1.0868814884491298,-0.6645036799143231,-0.4948916230523214,-0.21856359848031207,-0.8087539087060704,-1.5167039866289214,-0.10883062575871763,-1.7869780720000412,0.8697299881754785,-0.17075366073147918,-1.3648359329887545,0.032315361573336476,-0.7117869572606107,0.20769074421292652,1.1757076031618856,-2.1981939361453793,0.01392529574186067,-0.25748069621321706,0.8206128841655697,-0.06590892023387585,-0.7044184031099162,-0.35675042716993477,-1.0090947134281274
Sample_44,0.16494577036919558,1.1716588446540854,1.2834633421464967,1.6136662679602292,1.3181818181818183,1.25,-1.1023565092191008,1.155793487548094,1.4895001107711452,1.155793487548094,0.9748099204492218,0.24999999999999994,-1.1023565092191008,1.197282234964769,1.4895001107711452,1.5162850110068706,-1.2958193690921573,0.0,-1.2702127976867645,0.0,-0.05243456535320229,0.9187405002274296,1.6490748453096717,1.4583239013192835,1.6994610753778847,-1.7887916794406857,-1.832195317228988,-1.3218116636346133,0.25914003409966224,0.09872260959240223,-1.4664752143388473,0.7247106427871961,-0.5347352872636167,0.11171557312867798,1.4453616388625887,0.9961106413775538,-0.5442588928002081,-0.8177958207055745,-1.764363581074652,-0.6791078508757301,-0.3826915279864721,-1.4019217469289673,-0.2889949403645084,-0.017708714712827908,-0.3245666215673268,-0.7480418518243696,-0.1125881604974304,0.4897488624055879,-1.0599484526377012,1.5607889578853884
Sample_45,1.3431298444348785,1.1716588446540854,-1.447309726250305,-1.0316882696794907,0.18181818181818185,0.0,-1.1023565092191008,-0.1005037815259213,-1.035076348162999,-0.1005037815259213,-1.4027752513781482,-1.0,-1.1023565092191008,-0.07642227031690021,0.22721188130407302,0.1624591083221647,-1.2958193690921573,0.0,-0.07189883760491125,-1.1785113019775793,1.1039329081511224,0.9285348726554756,-1.244285805777939,-0.7859444832564265,-0.22110651229334571,0.031717936238573434,-0.5486484979139352,0.40884405510673766,-1.2235447848700893,-0.33652921460077445,0.21052580645517782,-0.3409225715615148,-0.1576666688518341,-1.8344003432948555,-0.7955887236526723,0.25326191244010854,-0.08836631504667103,-0.9496231480694214,1.5679771171812267,-0.8246861199946073,0.9316430993499742,0.16436313957109203,-0.8527727494375504,1.3897621800935438,-1.3287131038138942,1.1148096657607234,0.7592583798038047,-0.6230517499430436,1.2035588065728715,-0.3733312571157556
Sample_46,1.3431298444348785,-1.2194816546399665,-0.08192319205190411,-1.0316882696794907,1.3181818181818183,-1.25,0.04593152121746257,1.155793487548094,0.22721188130407302,1.155793487548094,0.9748099204492218,-1.0,-1.1023565092191008,-0.07642227031690021,-1.035076348162999,-1.1913667943625412,1.2450029232454058,-1.2126781251816647,1.126415122476942,1.1785113019775793,1.2012967154051044,-0.887365733310746,0.019176220101879443,-1.4232087012265344,1.2792723512378041,-2.0261742374739606,1.5175890586627583,-1.391509744725707,1.0635300490916313,0.7708872376271619,-0.9353851174086555,-0.5367255920322088,-1.196974438403508,-0.2352837667830717,-0.5459869955547935,0.8878435827280186,1.1359533782425395,1.39107226170138,-0.21433852861659858,-0.17418222723480467,-2.021795300177853,-1.2011387218693153,0.9109998046130755,1.2573994871995877,-1.370911349038511,-0.6797342404015637,-0.31700829355900156,0.32793450863538826,-0.803960735966101,0.4116305876781141
Sample_47,1.3431298444348785,-0.023911404992940543,-0.08192319205190411,0.29098899914036913,1.3181818181818183,0.0,0.04593152121746257,-1.3568010505999364,0.22721188130407302,-0.1005037815259213,0.9748099204492218,1.4999999999999998,1.194219551654026,1.197282234964769,1.4895001107711452,1.5162850110068706,-0.025408222923375655,1.2126781251816647,1.126415122476942,-1.1785113019775793,0.914982025747643,-0.3777702609074677,-0.4282668199198552,-0.05029844323574252,0.9371328084811695,-0.3693496678113792,0.01629040251773314,-0.24184168024672487,-0.29355943340146107,1.2842091626221372,0.8542044267731315,-0.42531451198897924,0.7203204347480017,-0.3493453793548691,0.990008968896059,0.5090081117535508,-0.3726783560322153,0.47544160999148144,-1.1979043747041391,-1.08272059243693,-1.4768258136184227,-0.15041816903133148,1.7514201839600512,1.7676291754793763,0.5698411407208255,0.6182060888535723,-2.17681448446104,-0.49507776851289553,-0.7840687097482915,-0.8051090925100441
Sample_48,0.16494577036919558,-0.023911404992940543,-0.08192319205190411,1.6136662679602292,1.3181818181818183,1.25,-1.1023565092191008,1.155793487548094,-1.035076348162999,-0.1005037815259213,0.9748099204492218,-1.0,-1.1023565092191008,1.197282234964769,0.22721188130407302,0.1624591083221647,-0.025408222923375655,-1.2126781251816647,-1.2702127976867645,-1.1785113019775793,-0.03928230714224741,0.47866078046428584,-0.23504664125706273,1.6683076490979045,1.3829154110648858,-0.016682341859711982,2.3473518317443984,-0.7305121209028174,-2.680701284792195,-0.7656885189759436,1.4392631678009142,1.7518531212775639,-1.328694986774665,0.4473874302998713,-0.7090860140720403,0.06958735646765368,2.5556426226998843,-1.4087054737841291,0.5812324747980318,0.49608777576985424,1.0611509962549504,-0.20020703822030564,0.19194891798459007,-0.4059434288669877,0.18744929462275106,-0.3838067036962083,0.36206166190247896,-0.32197701013801633,0.2778997747440057,-0.11624056166244479
Sample_49,-1.0132383036964872,-0.023911404992940543,1.2834633421464967,-1.0316882696794907,-0.9545454545454545,0.0,1.194219551654026,1.155793487548094,0.22721188130407302,-0.1005037815259213,0.9748099204492218,-1.0,1.194219551654026,-0.07642227031690021,-1.035076348162999,-1.1913667943625412,-0.025408222923375655,0.0,-0.07189883760491125,1.1785113019775793,-1.043981591972952,-0.2904389393506986,1.0378244230424072,-0.5439720137000188,-0.6795538850329109,-0.9194501749329433,-0.530564309396312,1.3098542532449926,-2.2659966904627327,2.9582589783199498,1.3906171754501997,0.07576136297935095,-0.07933997477184122,0.24483176878237728,0.31386763967456227,0.7636234940603936,0.3327916397793415,0.12952180182235304,0.14139761675777918,-0.1168024985494131,-0.36463180531266254,0.9468287262735625,0.5045145879660206,-2.51802116679738,0.5883424234937271,0.2548043619370949,-0.30894196315198613,-0.340889201828745,0.95891475007994,1.0211777948068104
Sample_50,1.3431298444348785,-1.2194816546399665,-0.08192319205190411,-1.0316882696794907,-0.9545454545454545,-1.25,-1.1023565092191008,-0.1005037815259213,-1.035076348162999,-0.1005037815259213,-0.21398266546446323,1.4999999999999998,0.04593152121746257,1.197282234964769,0.22721188130407302,0.1624591083221647,-0.025408222923375655,1.2126781251816647,1.126415122476942,-1.1785113019775793,1.5249673415361367,-1.034648970015749,-0.1454160219324075,-0.9012215609778764,-1.0402705437746391,0.6132710692406418,1.138988001927375,0.5436768838693178,0.7404261450157292,0.10682937587288516,-0.4484305574071312,0.2773469728510105,0.8303545368825425,0.6945005652688891,1.0063822501012518,0.8219137431254292,0.11552707697715825,1.076643011228376,0.3079571212337624,-0.8402318034339727,-0.3291832283236505,-1.133623086928199,-0.8844676070572326,-0.20115300715283108,-0.9128496507166831,-0.3419819158268695,-2.2738126333073767,0.2610526474430043,-0.06478542567351601,-1.033621176484375
